5127,ABARTH,500,Abarth,43.5,155
5128,ALFA ROMEO,MiTo,1.4 16v Junior (78CV),47.9,138
5129,ALFA ROMEO,MiTo,1.4 16v,47.9,138
5130,ALFA ROMEO,MiTo,1.4 TB MultiAir 135,50.4,129
5131,ALFA ROMEO,MiTo,1.4 16v TB 155,43.5,153
5132,ALFA ROMEO,MiTo,1.4 TB MultiAir 170,47.1,139
5133,ALFA ROMEO,MiTo,1.3 JTDm 95,65.7,112
5134,ALFA ROMEO,MiTo,1.6 JTDm 120,58.9,126
5135,ALFA ROMEO,159,1750 TBi (200),34.9,189
5136,ALFA ROMEO,159,2.0 JTDm 16v (170),52.3,142
5137,ALFA ROMEO,159 Sportwagon,1750 TBi (200),34.0,194
5138,ALFA ROMEO,159 Sportwagon,2.0 JTDm 16v (170),51.4,145
5139,ALFA ROMEO,Brera,1750 TBi,34.9,189
5140,ALFA ROMEO,Brera,2.0 JTDm,52.3,142
5141,ALFA ROMEO,Spider,1750 TBi,34.4,192
5142,ALFA ROMEO,Spider,2.0 JTDm,52.3,142
5143,AUDI,A3,1.4 TFSI 125ps,47.1,139
5144,AUDI,A3,1.4 TFSI 125ps 7speed DSG,49.6,133
5145,AUDI,A3,1.8 TFSI 160ps,42.2,155
5146,AUDI,A3,1.8 TFSI 160ps 7speed DSG,42.8,153
5147,AUDI,A3,2.0 TFSI 200ps,39.2,166
5148,AUDI,A3,2.0 TFSI 200ps DSG,39.2,166
5149,AUDI,A3,2.0 TFSI 200ps quattro DSG,37.7,174
5150,AUDI,A3,S3 2.0 TFSI 265ps quattro,33.2,198
5151,AUDI,A3,S3 2.0 TFSI 265ps quattro S-Tronic,34.0,193
5152,AUDI,A3,1.6 TDIe 105PS with Stop-Start,68.9,109
5153,AUDI,A3,2.0 TDI 170ps quattro,50.4,148
5154,AUDI,A3,2.0 CR TDI 170PS with DPF,54.3,139
5155,AUDI,A3,2.0 CR TDI 170PS S-Tronic with DPF,50.4,147
5156,AUDI,A3 Sportback,1.4 TFSI 125ps,46.3,143
5157,AUDI,A3 Sportback,1.4 TFSI 125ps 7speed DSG S-Tronic,47.9,137
5158,AUDI,A3 Sportback,1.8 TFSI 160ps,42.2,157
5159,AUDI,A3 Sportback,1.8 TFSI 160ps 7speed DSG S-Tronic,42.8,154
5160,AUDI,A3 Sportback,2.0 TFSI 200ps,39.2,167
5161,AUDI,A3 Sportback,2.0 TFSI 200ps S-Tronic,39.2,166
5162,AUDI,A3 Sportback,2.0 TFSI 200ps quattro S-Tronic,37.2,176
5163,AUDI,A3 Sportback,S3 2.0 TFSI 265ps quattro,33.2,199
5164,AUDI,A3 Sportback,S3 2.0 TFSI 265ps quattro S-Tronic,33.6,195
5165,AUDI,A3 Sportback,1.6 TDIe 105PS with Stop-Start 1,67.3,112
5166,AUDI,A3 Sportback,1.6 TDIe 105PS with Stop-Start 2 ( Limited equipment ),68.9,109
5167,AUDI,A3 Sportback,2.0 CR TDI 170PS with DPF,45.3,139
5168,AUDI,A3 Sportback,2.0 CR TDI 170PS S-Tronic with DPF,49.6,149
5169,AUDI,A3 Cabriolet,1.6 TDI 105PS with Stop-Start,65.7,114
5170,AUDI,New A4 Saloon,1.8 TFSI 120ps,39.8,164
5171,AUDI,New A4 Saloon,1.8 FSI 160PS,39.8,164
5172,AUDI,New A4 Saloon,1.8 FSI 160PS Multitronic,39.2,169
5173,AUDI,New A4 Saloon,1.8 TFSI 160ps Multitronic,39.2,169
5174,AUDI,New A4 Saloon,2.0 TFSI 211ps,42.8,154
5175,AUDI,New A4 Saloon,2.0 TFSI 211ps Multitronic,39.8,167
5176,AUDI,New A4 Saloon,2.0 TFSI 211ps quattro,38.2,172
5177,AUDI,New A4 Saloon,S4 3.0 V6 333ps quattro,29.1,225
5178,AUDI,New A4 Saloon,S4 3.0 V6 333ps quattro S-Tronic,30.1,219
5179,AUDI,New A4 Saloon,2.0 TDIe 136PS with Stop-Start 1,49.6,124
5180,AUDI,New A4 Saloon,2.0 TDIe 136PS with Stop-Start 2 ( Limited Equipment ),49.6,119
5181,AUDI,New A4 Saloon,2.0 TDIe 136PS with Stop-Start 3 (16+17 Wheel Rim Only ),61.4,120
5182,AUDI,New A4 Saloon,2.0 CR TDI 120ps with DPF,55.4,134
5183,AUDI,New A4 Saloon,2.0 TDI 143ps with DPF,53.3,139
5184,AUDI,New A4 Saloon,2.0 TDI 143ps Multitronic,49.6,149
5185,AUDI,New A4 Saloon,2.0 CR TDI 170ps,53.3,139
5186,AUDI,New A4 Saloon,2.7 V6 TDI 190ps Multitronic,44.1,167
5187,AUDI,New A4 Saloon,3.0 V6 TDI 240ps quattro,42.8,173
5188,AUDI,New A4 Saloon,3.0 V6 TDI 240ps quattro Tiptronic,40.9,182
5189,AUDI,New A4 Avant,1.8 TFSI 120ps,39.2,169
5190,AUDI,New A4 Avant,1.8 FSI 160ps,39.2,169
5191,AUDI,New A4 Avant,1.8 FSI 160ps Multitronic,37.7,174
5192,AUDI,New A4 Avant,2.0 TFSI 211ps,41.5,159
5193,AUDI,New A4 Avant,2.0 TFSI 211ps Multitronic,38.7,172
5194,AUDI,New A4 Avant,2.0 TFSI 211ps 7speed quattro S-Tronic,37.2,175
5195,AUDI,New A4 Avant,S4 3.0 V6 333ps quattro,28.5,229
5196,AUDI,New A4 Avant,S4 3.0 V6 333ps 7speed quattro S-Tronic,29.1,224
5197,AUDI,New A4 Avant,2.0 TDIe 136PS with Stop-Start 1,57.6,129
5198,AUDI,New A4 Avant,2.0 TDIe 136PS with Stop-Start 2 (Limited Equipment),60.1,124
5199,AUDI,New A4 Avant,2.0 TDI 120ps with DPF,53.3,140
5200,AUDI,New A4 Avant,2.0 TDI 143ps with DPF,52.3,143
5201,AUDI,New A4 Avant,2.0 TDI 143ps Multitronic with DPF,47.9,155
5202,AUDI,New A4 Avant,2.0 TDI 170ps with DPF,50.4,149
5203,AUDI,New A4 Avant,2.0 TDI 170ps quattro with DPF,45.6,162
5204,AUDI,New A4 Avant,2.7 V6 TDI 190ps Multitronic,43.5,169
5205,AUDI,New A4 Avant,3.0 V6 TDI 240ps quattro with DPF,41.5,176
5206,AUDI,New A4 Avant,3.0 V6 TDI 240ps quattro Tiptronic with DPF,39.2,186
5207,AUDI,A4 Allroad,2.0 TFSI quattro 210PS 7speed S-Tronic,34.9,189
5208,AUDI,A4 Allroad,2.0 TDI quattro 163PS with DPF,44.1,169
5209,AUDI,A4 Allroad,2.0 TDI quattro 170PS with DPF,44.1,169
5210,AUDI,A4 Allroad,3.0 V6 TDI quattro 240PS with DPF,39.2,189
5211,AUDI,A4 Allroad,3.0 V6 TDI quattro 240PS 7speed S-Tronic with DPF,39.8,189
5212,AUDI,A5 Coupé,1.8 TFSI 160PS,39.8,164
5213,AUDI,A5 Coupé,1.8 TFSI 160PS Multitronic,39.2,169
5214,AUDI,A5 Coupé,2.0 FSI 180PS Multitronic,39.8,167
5215,AUDI,A5 Coupé,2.0 FSI 180PS,42.8,154
5216,AUDI,A5 Coupé,2.0 TFSI 211PS,42.8,154
5217,AUDI,A5 Coupé,2.0 TFSI 211PS Multitronic,39.8,167
5218,AUDI,A5 Coupé,2.0 TFSI quattro 211PS,38.2,172
5219,AUDI,A5 Coupé,2.0 TFSI quattro 211ps 7speed S-Tronic,38.2,172
5220,AUDI,A5 Coupé,2.0 CR TDI 170PS with DPF,53.3,139
5221,AUDI,A5 Coupé,2.7 V6 TDI 190PS Multitronic,44.1,167
5222,AUDI,A5 Coupé,3.0 V6 TDI quattro 240PS DPF,42.8,173
5223,AUDI,A5 Coupé,3.0 V6 TDI 240PS quattro Tiptronic with DPF,40.9,182
5224,AUDI,A5 Cabriolet,2.0 TFSI 180PS Multitronic,38.2,174
5225,AUDI,A5 Cabriolet,2.0 TFSI 211PS,41.5,159
5226,AUDI,A5 Cabriolet,2.0 TFSI 211PS Multitronic,38.2,174
5227,AUDI,A5 Cabriolet,2.0 TFSI quattro 211PS 7speed S-Tronic,36.7,177
5228,AUDI,A5 Cabriolet,3.2 V6 265PS Multitronic,32.8,199
5229,AUDI,A5 Cabriolet,3.2 V6 265PS 7speed S-Tronic,29.7,219
5230,AUDI,A5 Cabriolet,2.0 CR TDI 170PS,49.6,151
5231,AUDI,A5 Cabriolet,2.7 V6 TDI 190PS,45.6,164
5232,AUDI,A5 Cabriolet,2.7 V6 TDI 190PS Multitronic,43.5,169
5233,AUDI,A5 Cabriolet,3.0 V6 TDI quattro 240PS 7speed S-Tronic with DPF,41.5,179
5234,AUDI,A5 Cabriolet,S5 Cabriolet 3.0 V6 quattro 333PS 7speed S-Tronic,29.1,224
5235,AUDI,A5 Sportback,2.0 TFSI 180PS with Stop-Start,43.4,152
5236,AUDI,A5 Sportback,2.0 TFSI Multitronic 180PS,39.2,169
5237,AUDI,A5 Sportback,2.0 TFSI 211PS with Stop-Start,43.5,152
5238,AUDI,A5 Sportback,2.0 TFSI quattro 211PS S-tronic,38.2,172
5239,AUDI,A5 Sportback,3.2 FSI quattro 265PS,30.4,216
5240,AUDI,A5 Sportback,2.0 TDI 170PS with Stop-Start,54.3,137
5241,AUDI,A5 Sportback,2.0 TDI quattro 170PS with Stop-Start,48.7,152
5242,AUDI,A5 Sportback,2.7 TDI Multitronic 190PS,43.5,169
5243,AUDI,A5 Sportback,3.0 TDI quattro 240PS,42.2,176
5244,AUDI,A5 Sportback,3.0 TDI quattro S-tronic 240PS,42.8,174
5245,AUDI,A6 Saloon,2.0 TFSI 170PS,37.7,174
5246,AUDI,A6 Saloon,2.0 TFSI 170PS Multitronic,36.7,179
5247,AUDI,A6 Saloon,2.8 V6 FSI 220ps Multitronic,33.6,196
5248,AUDI,A6 Saloon,2.8 V6 FSI quattro 220ps Tiptronic,31.4,212
5249,AUDI,A6 Saloon,3.0 V6 quattro FSI 290ps,30.1,219
5250,AUDI,A6 Saloon,3.0 V6 FSI quattro 290ps Tiptronic,30.1,219
5251,AUDI,A6 Saloon,2.0 CR TDIe 136PS,53.3,139
5252,AUDI,A6 Saloon,2.0 CR TDI 170ps,49.6,149
5253,AUDI,A6 Saloon,2.0 CR TDI 170ps Multitronic,48.7,153
5254,AUDI,A6 Saloon,2.7 V6 TDI quattro 190ps Tiptronic,39.8,189
5255,AUDI,A6 Saloon,2.7 V6 TDI 190PS Multitronic,44.1,169
5256,AUDI,A6 Saloon,2.7 V6 TDI 190PS,45.6,164
5257,AUDI,A6 Saloon,3.0 V6 CR TDI quattro 240ps Tiptronic,39.8,189
5258,AUDI,A6 Saloon,3.0 V6 CR TDI quattro 240ps ,42.2,179
5259,AUDI,A6 Saloon,3.0 V6 quattro TDI 240PS,42.2,179
5260,AUDI,A6 Saloon,3.0 V6 quattro TDI 190PS Tiptronic,39.8,189
5261,AUDI,A6 Saloon,2.0 TDI 136PS Multitronic,48.7,151
5262,AUDI,A6 Avant,2.0 TFSI 170PS,37.7,174
5263,AUDI,A6 Avant,2.0 TFSI 170PS Multitronic,36.2,181
5264,AUDI,A6 Avant,2.8 V6 FSI 220ps Multitronic,33.2,197
5265,AUDI,A6 Avant,2.8 V6 FSI quattro 220ps Tiptronic,31.0,214
5266,AUDI,A6 Avant,3.0 V6 quattro FSI 290ps,29.7,223
5267,AUDI,A6 Avant,3.0 V6 FSI quattro 290ps Tiptronic,29.7,223
5268,AUDI,A6 Avant,2.0 CR TDIe 136PS,53.3,139
5269,AUDI,A6 Avant,2.0 TDI 136PS Multitronic,47.9,155
5270,AUDI,A6 Avant,2.0 CR TDI 170ps,58.9,152
5271,AUDI,A6 Avant,2.0 CR TDI 170ps Multitronic,47.9,154
5272,AUDI,A6 Avant,2.7 V6 TDI quattro 190ps Tiptronic,39.8,190
5273,AUDI,A6 Avant,2.7 V6 TDI 190PS,45.6,164
5274,AUDI,A6 Avant,2.7 TDI 190PS Multitronic,43.5,172
5275,AUDI,A6 Avant,3.0 V6 CR TDI quattro 240ps Tiptronic,39.8,190
5276,AUDI,A6 Avant,3.0 V6 CR TDI quattro 240ps,42.2,179
5277,AUDI,A6 Allroad,3.0 V6 quattro FSI 290ps,29.1,225
5278,AUDI,A6 Allroad,3.0 V6 TFSI quattro 290PS Tiptronic,29.1,225
5279,AUDI,A6 Allroad,2.7 V6 TDI quattro 190ps Tiptronic,37.2,202
5280,AUDI,A6 Allroad,3.0 V6 CR TDI quattro 240ps,39.2,189
5281,AUDI,A6 Allroad,3.0 V6 CR TDI quattro 240ps Tiptronic,37.7,199
5282,AUDI,TT Coupé,2.0 TFSI quattro 200PS S-Tronic,36.7,178
5283,AUDI,TT Coupé,TTS 2.0 TFSI quattro 272PS,34.9,188
5284,AUDI,TT Coupé,TTS 2.0 TFSI quattro 272PS S-Tronic,35.8,184
5285,AUDI,TT Coupé,2.0 TDI quattro 170PS,53.3,139
5286,AUDI,TT Roadster,2.0 TDI quattro 170PS,51.4,144
5287,AUDI,TT Roadster,2.0 TFSI quattro 200PS S-Tronic,36.2,181
5288,AUDI,TT RS Coupe,2.5 T FSI quattro 340PS,30.7,214
5289,AUDI,TT RS Roadster,2.5 T FSI quattro 340PS,29.7,221
5290,AUDI,Q5,2.0 FSI quattro 211ps,33.2,197
5291,AUDI,Q5,2.0 FSI quattro 211ps 7speed S-Tronic,34.0,192
5292,AUDI,Q5,2.0 CR TDI quattro 143PS,43.5,172
5293,AUDI,Q5,3.0 V6 TDI quattro 240PS 7speed S-Tronic,37.7,199
5294,AUDI,Q7,3.0 V6 CR TDI quattro 240PS Tiptronic,31.7,234
5295,AUDI,Q7,3.0 V6 TDI quattro 240PS Tiptronic Clean-Diesel (EU6),31.7,234
5296,BMW,Z4 Series E89,Z4 sDrive23i Roadster,33.2,199
5297,BMW,Z4 Series E89,Z4 sDrive23i Roadster,34.4,192
5298,BMW,Z4 Series E89,Z4 sDrive30i Roadster,33.2,199
5299,BMW,Z4 Series E89,Z4 sDrive30i Roadster,34.0,195
5300,BMW,Z4 Series E89,Z4 sDrive35i Roadster,30.1,219
5301,BMW,Z4 Series E89,Z4 sDrive35i Roadster,31.4,210
5302,BMW,Z4 Series E89,Z4 sDrive35is Roadster - from March 2010,31.4,210
5303,BMW,1 Series E81/E82/E87/E88,118d Coupé - with particle filter,62.8,119
5304,BMW,1 Series E81/E82/E87/E88,118d Coupé - with particle filter - up to February 2010,52.3,144
5305,BMW,1 Series E81/E82/E87/E88,118d Coupé - with particle filter - from March 2010,53.3,140
5306,BMW,1 Series E81/E82/E87/E88,120i Coupé,42.8,153
5307,BMW,1 Series E81/E82/E87/E88,120i Coupé,42.8,155
5308,BMW,1 Series E81/E82/E87/E88,120d Coupé - with particle filter - up to February 2010,58.9,128
5309,BMW,1 Series E81/E82/E87/E88,120d Coupé - with particle filter - up to February 2010,52.3,144
5310,BMW,1 Series E81/E82/E87/E88,120d Coupé - with particle filter - from March 2010,60.1,125
5311,BMW,1 Series E81/E82/E87/E88,120d Coupé - with particle filter - from March 2010,53.3,140
5312,BMW,1 Series E81/E82/E87/E88,123d Coupé - with particle filter - up to February 2010,54.3,138
5313,BMW,1 Series E81/E82/E87/E88,123d Coupé - with particle filter - up to February 2010,50.4,148
5314,BMW,1 Series E81/E82/E87/E88,123d Coupé - with particle filter - from March 2010,55.4,135
5315,BMW,1 Series E81/E82/E87/E88,123d Coupé - with particle filter - from March 2010,51.4,145
5316,BMW,1 Series E81/E82/E87/E88,125i Coupé,34.4,190
5317,BMW,1 Series E81/E82/E87/E88,125i Coupé,34.4,190
5318,BMW,1 Series E81/E82/E87/E88,135i Coupé - from March 2010,33.2,198
5319,BMW,1 Series E81/E82/E87/E88,135i Coupé - from March 2010,33.2,198
5320,BMW,1 Series E81/E82/E87/E88,118i Convertible,42.8,153
5321,BMW,1 Series E81/E82/E87/E88,118i Convertible,40.4,163
5322,BMW,1 Series E81/E82/E87/E88,118d Convertible - with particle filter,57.6,129
5323,BMW,1 Series E81/E82/E87/E88,118d Convertible - with particle filter - up to February 2010,50.4,148
5324,BMW,1 Series E81/E82/E87/E88,118d Convertible - with particle filter - from March 2010,51.4,145
5325,BMW,1 Series E81/E82/E87/E88,120i Convertible,41.5,159
5326,BMW,1 Series E81/E82/E87/E88,120i Convertible,40.4,164
5327,BMW,1 Series E81/E82/E87/E88,120d Convertible - with particle filter - up to February 2010,55.4,134
5328,BMW,1 Series E81/E82/E87/E88,120d Convertible - with particle filter - up to February 2010,50.4,148
5329,BMW,1 Series E81/E82/E87/E88,120d Convertible - with particle filter - from March 2010,56.5,133
5330,BMW,1 Series E81/E82/E87/E88,120d Convertible - with particle filter - from March 2010,51.4,145
5331,BMW,1 Series E81/E82/E87/E88,123d Convertible - with particle filter - up to February 2010,52.3,144
5332,BMW,1 Series E81/E82/E87/E88,123d Convertible - with particle filter - up to February 2010,47.9,154
5333,BMW,1 Series E81/E82/E87/E88,123d Convertible - with particle filter - from March 2010,53.3,140
5334,BMW,1 Series E81/E82/E87/E88,123d Convertible - with particle filter - from March 2010,49.6,150
5335,BMW,1 Series E81/E82/E87/E88,125i Convertible,33.6,195
5336,BMW,1 Series E81/E82/E87/E88,125i Convertible,33.6,195
5337,BMW,1 Series E81/E82/E87/E88,135i Convertible - from March 2010,32.8,200
5338,BMW,1 Series E81/E82/E87/E88,135i Convertible - from March 2010,32.8,200
5339,BMW,1 Series E81/E82/E87/E88,116i 3-door,46.3,143
5340,BMW,1 Series E81/E82/E87/E88,116i 3-door,42.8,154
5341,BMW,1 Series E81/E82/E87/E88,118i 3-door,46.3,143
5342,BMW,1 Series E81/E82/E87/E88,118i 3-door,42.8,154
5343,BMW,1 Series E81/E82/E87/E88,118d 3-door - with particle filter,62.8,119
5344,BMW,1 Series E81/E82/E87/E88,118d 3-door - with particle filter - up to February 2010,52.3,144
5345,BMW,1 Series E81/E82/E87/E88,118d 3-door - with particle filter - from March 2010,53.3,140
5346,BMW,1 Series E81/E82/E87/E88,120i 3-door,42.8,153
5347,BMW,1 Series E81/E82/E87/E88,120i 3-door,42.8,155
5348,BMW,1 Series E81/E82/E87/E88,120d 3-door - with particle filter - up to February 2010,58.9,128
5349,BMW,1 Series E81/E82/E87/E88,120d 3-door - with particle filter - up to February 2010,52.3,144
5350,BMW,1 Series E81/E82/E87/E88,120d 3-door - with particle filter - from March 2010,60.1,125
5351,BMW,1 Series E81/E82/E87/E88,120d 3-door - with particle filter - from March 2010,53.3,140
5352,BMW,1 Series E81/E82/E87/E88,123d 3-door - with particle filter - up to February 2010,54.3,138
5353,BMW,1 Series E81/E82/E87/E88,123d 3-door - with particle filter - up to February 2010,50.4,148
5354,BMW,1 Series E81/E82/E87/E88,123d 3-door - with particle filter - from March 2010,55.4,135
5355,BMW,1 Series E81/E82/E87/E88,123d 3-door - with particle filter - from March 2010,51.4,145
5356,BMW,1 Series E81/E82/E87/E88,116i 5-door,46.3,143
5357,BMW,1 Series E81/E82/E87/E88,116i 5-door,42.8,154
5358,BMW,1 Series E81/E82/E87/E88,118i 5-door,46.3,143
5359,BMW,1 Series E81/E82/E87/E88,118i 5-door,42.8,154
5360,BMW,1 Series E81/E82/E87/E88,118d 5-door - with particle filter,62.8,119
5361,BMW,1 Series E81/E82/E87/E88,118d 5-door - with particle filter - up to February 2010,52.3,144
5362,BMW,1 Series E81/E82/E87/E88,118d 5-door - with particle filter - from March 2010,53.3,140
5363,BMW,1 Series E81/E82/E87/E88,120i 5-door,42.8,153
5364,BMW,1 Series E81/E82/E87/E88,120i 5-door,42.8,155
5365,BMW,1 Series E81/E82/E87/E88,120d 5-door - with particle filter - up to February 2010,58.9,128
5366,BMW,1 Series E81/E82/E87/E88,120d 5-door - with particle filter - up to February 2010,52.3,144
5367,BMW,1 Series E81/E82/E87/E88,120d 5-door - with particle filter - from March 2010,60.1,125
5368,BMW,1 Series E81/E82/E87/E88,120d 5-door - with particle filter - from March 2010,53.3,140
5369,BMW,1 Series E81/E82/E87/E88,123d 5-door - with particle filter - up to February 2010,54.3,138
5370,BMW,1 Series E81/E82/E87/E88,123d 5-door - with particle filter - up to February 2010,50.4,148
5371,BMW,1 Series E81/E82/E87/E88,123d 5-door - with particle filter - from March 2010,55.4,135
5372,BMW,1 Series E81/E82/E87/E88,123d 5-door - with particle filter - from March 2010,51.4,145
5373,BMW,3 Series E90/E91/E92/E93,320i Coupé,42.8,154
5374,BMW,3 Series E90/E91/E92/E93,320i Coupé,41.5,159
5375,BMW,3 Series E90/E91/E92/E93,320d Coupé - with particle filter - up to February 2010,58.9,128
5376,BMW,3 Series E90/E91/E92/E93,320d Coupé - with particle filter - up to February 2010,51.4,145
5377,BMW,3 Series E90/E91/E92/E93,320d Coupé - with particle filter - from March 2010,60.1,125
5378,BMW,3 Series E90/E91/E92/E93,320d Coupé - with particle filter - from March 2010,53.3,140
5379,BMW,3 Series E90/E91/E92/E93,325i Coupé,39.2,168
5380,BMW,3 Series E90/E91/E92/E93,325i Coupé,38.2,174
5381,BMW,3 Series E90/E91/E92/E93,325d Coupé - with particle filter - from March 2010,49.6,151
5382,BMW,3 Series E90/E91/E92/E93,325d Coupé - with particle filter - from March 2010,46.3,160
5383,BMW,3 Series E90/E91/E92/E93,330i Coupé,38.2,173
5384,BMW,3 Series E90/E91/E92/E93,330i Coupé,37.7,175
5385,BMW,3 Series E90/E91/E92/E93,330d Coupé - with particle filter,49.6,152
5386,BMW,3 Series E90/E91/E92/E93,330d Coupé - with particle filter,45.6,164
5387,BMW,3 Series E90/E91/E92/E93,335i Coupé - from March 2010,33.6,196
5388,BMW,3 Series E90/E91/E92/E93,335i Coupé - from March 2010,33.6,196
5389,BMW,3 Series E90/E91/E92/E93,335d Coupé - with particle filter - from March 2010,42.8,174
5390,BMW,3 Series E90/E91/E92/E93,M3 Coupé - from March 2010,22.8,290
5391,BMW,3 Series E90/E91/E92/E93,M3 Coupé - from March 2010,25.2,263
5392,BMW,3 Series E90/E91/E92/E93,320i Convertible,41.5,159
5393,BMW,3 Series E90/E91/E92/E93,320i Convertible,38.7,169
5394,BMW,3 Series E90/E91/E92/E93,320d Convertible - with particle filter - up to February 2010,53.3,140
5395,BMW,3 Series E90/E91/E92/E93,320d Convertible - with particle filter - up to February 2010,48.7,153
5396,BMW,3 Series E90/E91/E92/E93,320d Convertible - with particle filter - from March 2010,55.4,135
5397,BMW,3 Series E90/E91/E92/E93,320d Convertible - with particle filter - from March 2010,50.4,149
5398,BMW,3 Series E90/E91/E92/E93,325d Convertible - with particle filter - from March 2010,46.3,160
5399,BMW,3 Series E90/E91/E92/E93,325d Convertible - with particle filter - from March 2010,44.1,168
5400,BMW,3 Series E90/E91/E92/E93,325i Convertible,37.7,176
5401,BMW,3 Series E90/E91/E92/E93,325i Convertible,35.8,185
5402,BMW,3 Series E90/E91/E92/E93,330i Convertible,36.2,182
5403,BMW,3 Series E90/E91/E92/E93,330i Convertible,34.4,190
5404,BMW,3 Series E90/E91/E92/E93,330d Convertible - with particle filter,46.3,162
5405,BMW,3 Series E90/E91/E92/E93,330d Convertible - with particle filter,44.1,170
5406,BMW,3 Series E90/E91/E92/E93,335i Convertible - from March 2010,32.1,205
5407,BMW,3 Series E90/E91/E92/E93,335i Convertible - from March 2010,32.1,205
5408,BMW,3 Series E90/E91/E92/E93,M3 Convertible - from March 2010,22.2,297
5409,BMW,3 Series E90/E91/E92/E93,M3 Convertible - from March 2010,24.6,269
5410,BMW,3 Series E90/E91/E92/E93,316d Saloon - with particle filter - up to February 2010,62.8,118
5411,BMW,3 Series E90/E91/E92/E93,316d Saloon - with particle filter - from March 2010,62.8,118
5412,BMW,3 Series E90/E91/E92/E93,318i Saloon - up to February 2010,44.8,146
5413,BMW,3 Series E90/E91/E92/E93,318i Saloon - from March 2010,44.8,146
5414,BMW,3 Series E90/E91/E92/E93,318i Saloon,42.8,155
5415,BMW,3 Series E90/E91/E92/E93,318d Saloon - with particle filter - up to February 2010,60.1,123
5416,BMW,3 Series E90/E91/E92/E93,318d Saloon - with particle filter - up to February 2010,52.3,144
5417,BMW,3 Series E90/E91/E92/E93,318d Saloon - with particle filter - from March 2010,62.8,119
5418,BMW,3 Series E90/E91/E92/E93,318d Saloon - with particle filter - from March 2010,53.3,140
5419,BMW,3 Series E90/E91/E92/E93,320i Saloon,44.1,148
5420,BMW,3 Series E90/E91/E92/E93,320i Saloon,41.5,159
5421,BMW,3 Series E90/E91/E92/E93,320d Saloon - with particle filter - up to February 2010,58.9,128
5422,BMW,3 Series E90/E91/E92/E93,320d Saloon - with particle filter - up to February 2010,52.3,144
5423,BMW,3 Series E90/E91/E92/E93,320d Saloon - with particle filter - from March 2010,60.1,125
5424,BMW,3 Series E90/E91/E92/E93,320d Saloon - with particle filter - from March 2010,53.3,140
5425,BMW,3 Series E90/E91/E92/E93,320d EfficientDynamics Saloon - with particle filter - from March 2010,68.9,109
5426,BMW,3 Series E90/E91/E92/E93,325i Saloon,39.2,168
5427,BMW,3 Series E90/E91/E92/E93,325i Saloon,38.2,174
5428,BMW,3 Series E90/E91/E92/E93,325d Saloon - with particle filter - from March 2010,49.6,151
5429,BMW,3 Series E90/E91/E92/E93,325d Saloon - with particle filter - from March 2010,46.3,160
5430,BMW,3 Series E90/E91/E92/E93,330i Saloon,38.2,173
5431,BMW,3 Series E90/E91/E92/E93,330i Saloon,37.7,175
5432,BMW,3 Series E90/E91/E92/E93,330d Saloon - with particle filter,49.6,152
5433,BMW,3 Series E90/E91/E92/E93,330d Saloon - with particle filter,45.6,164
5434,BMW,3 Series E90/E91/E92/E93,335i Saloon - from March 2010,33.6,196
5435,BMW,3 Series E90/E91/E92/E93,335i Saloon - from March 2010,32.5,202
5436,BMW,3 Series E90/E91/E92/E93,335d Saloon - with particle filter - from March 2010,42.8,174
5437,BMW,3 Series E90/E91/E92/E93,M3 Saloon - from March 2010,22.8,290
5438,BMW,3 Series E90/E91/E92/E93,M3 Saloon - from March 2010,25.2,263
5439,BMW,3 Series E90/E91/E92/E93,318i Touring - up to February 2010,44.8,147
5440,BMW,3 Series E90/E91/E92/E93,318i Touring - from March 2010,44.8,147
5441,BMW,3 Series E90/E91/E92/E93,318i Touring,41.5,159
5442,BMW,3 Series E90/E91/E92/E93,318d Touring - with particle filter - up to February 2010,58.9,125
5443,BMW,3 Series E90/E91/E92/E93,318d Touring - with particle filter - up to February 2010,50.4,146
5444,BMW,3 Series E90/E91/E92/E93,318d Touring - with particle filter - from March 2010,62.8,120
5445,BMW,3 Series E90/E91/E92/E93,318d Touring - with particle filter - from March 2010,52.3,142
5446,BMW,3 Series E90/E91/E92/E93,320i Touring,44.1,149
5447,BMW,3 Series E90/E91/E92/E93,320i Touring,40.4,164
5448,BMW,3 Series E90/E91/E92/E93,320d Touring - with particle filter - up to February 2010,57.6,130
5449,BMW,3 Series E90/E91/E92/E93,320d Touring - with particle filter - up to February 2010,50.4,146
5450,BMW,3 Series E90/E91/E92/E93,320d Touring - with particle filter - from March 2010,58.9,128
5451,BMW,3 Series E90/E91/E92/E93,320d Touring - with particle filter - from March 2010,52.3,142
5452,BMW,3 Series E90/E91/E92/E93,325i Touring,38.7,170
5453,BMW,3 Series E90/E91/E92/E93,325i Touring,37.2,178
5454,BMW,3 Series E90/E91/E92/E93,325d Touring - with particle filter - from March 2010,48.7,153
5455,BMW,3 Series E90/E91/E92/E93,325d Touring - with particle filter - from March 2010,45.6,163
5456,BMW,3 Series E90/E91/E92/E93,330i Touring,37.2,177
5457,BMW,3 Series E90/E91/E92/E93,330i Touring,35.8,184
5458,BMW,3 Series E90/E91/E92/E93,330d Touring - with particle filter,47.9,155
5459,BMW,3 Series E90/E91/E92/E93,330d Touring - with particle filter,44.8,165
5460,BMW,3 Series E90/E91/E92/E93,335i Touring - from March 2010,33.2,199
5461,BMW,3 Series E90/E91/E92/E93,335i Touring - from March 2010,32.5,203
5462,BMW,3 Series E90/E91/E92/E93,335d Touring - with particle filter - from March 2010,42.2,176
5463,BMW,5 Series F10/F11,523i Saloon - from March 2010,37.2,177
5464,BMW,5 Series F10/F11,523i Saloon - from March 2010,37.2,178
5465,BMW,5 Series F10/F11,525d Saloon - with particle filter - from March 2010,45.6,162
5466,BMW,5 Series F10/F11,525d Saloon - with particle filter - from March 2010,46.3,160
5467,BMW,5 Series F10/F11,528i Saloon - from March 2010,36.2,182
5468,BMW,5 Series F10/F11,528i Saloon - from March 2010,37.2,178
5469,BMW,5 Series F10/F11,530d Saloon - with particle filter - from March 2010,44.8,166
5470,BMW,5 Series F10/F11,530d Saloon - with particle filter - from January 2010 to week 06 2010 production,45.6,162
5471,BMW,5 Series F10/F11,530d Saloon - with particle filter - from week 07 2010 production,46.3,160
5472,BMW,5 Series F10/F11,535i Saloon - from March 2010,33.2,199
5473,BMW,5 Series F10/F11,535i Saloon - from March 2010,33.6,195
5474,BMW,5 Series F10/F11,550i Saloon - from March 2010,27.2,243
5475,BMW,5 Series Gran Turismo F07,530d Gran Turismo - with particle filter,43.5,173
5476,BMW,5 Series Gran Turismo F07,535i Gran Turismo,31.7,209
5477,BMW,5 Series Gran Turismo F07,535d Gran Turismo - with particle filter - from March 2010,42.2,175
5478,BMW,5 Series Gran Turismo F07,550i Gran Turismo,25.2,263
5479,BMW,7 Series F01/F02,730d Saloon - with particle filter,41.5,178
5480,BMW,7 Series F01/F02,730Ld Saloon - with particle filter,40.9,180
5481,BMW,7 Series F01/F02,740i Saloon,28.5,232
5482,BMW,7 Series F01/F02,740Li Saloon,28.2,235
5483,BMW,7 Series F01/F02,740d Saloon - with particle filter,40.9,181
5484,BMW,7 Series F01/F02,750i Saloon,24.8,266
5485,BMW,7 Series F01/F02,750Li Saloon,24.8,266
5486,BMW,7 Series F01/F02,760Li Saloon,21.7,303
5487,BMW,X1 Series s/xDrive E84,X1 sDrive18d - with particle filter,54.3,136
5488,BMW,X1 Series s/xDrive E84,X1 xDrive18d - with particle filter - up to February 2010,49.6,150
5489,BMW,X1 Series s/xDrive E84,X1 xDrive18d - with particle filter - from March 2010,49.6,150
5490,BMW,X1 Series s/xDrive E84,X1 sDrive20d - with particle filter,53.3,139
5491,BMW,X1 Series s/xDrive E84,X1 sDrive20d - with particle filter - from March 2010,47.9,155
5492,BMW,X1 Series s/xDrive E84,X1 xDrive20d - with particle filter,48.7,153
5493,BMW,X1 Series s/xDrive E84,X1 xDrive20d - with particle filter,45.6,164
5494,BMW,X1 Series s/xDrive E84,X1 xDrive23d - with particle filter,44.8,167
5495,BMW,X3 Series E83,X3 xDrive18d - with particle filter,45.6,165
5496,BMW,X3 Series E83,X3 xDrive20d - with particle filter,43.5,172
5497,BMW,X3 Series E83,X3 xDrive20d - with particle filter,42.2,178
5498,BMW,X5 Series E70,X5 xDrive30d - with particle filter - from April 2010,38.2,195
5499,BMW,X5 Series E70,X5 xDrive40d - with particle filter - from April 2010,37.7,198
5500,BMW,X5 Series E70,X5 xDrive50i - from April 2010,22.6,292
5501,BMW,X5 Series E70,X5 M,20.3,325
5502,BMW,X6 Series E71,X6 xDrive30d - with particle filter - from April 2010,38.2,195
5503,BMW,X6 Series E71,X6 xDrive35i - up to March 2010,25.4,259
5504,BMW,X6 Series E71,X6 xDrive35i - from April 2010,28.0,236
5505,BMW,X6 Series E71,X6 xDrive40d - with particle filter - from April 2010,37.7,198
5506,BMW,X6 Series E71,X6 xDrive50i - up to March 2010,22.1,299
5507,BMW,X6 Series E71,X6 xDrive50i - from April 2010,22.6,292
5508,BMW,X6 Series E71,X6 M,20.3,325
5509,CHEVROLET,Cruze,1.6S 4 Door Saloon (with a/c),41.5,159
5510,CHEVROLET,Cruze,1.6LS 4 Door Saloon (with a/c),41.5,159
5511,CHEVROLET,Cruze,1.6LS Auto 4 Door Saloon (with a/c),36.2,184
5512,CHEVROLET,Cruze,1.8LT 4 Door Saloon (with a/c),41.5,159
5513,CHEVROLET,Cruze,1.8LT Auto 4 Door Saloon (with a/c),36.2,184
5514,CHEVROLET,Spark,1.0 5 Door Hatchback,55.4,119
5515,CHEVROLET,Spark,1.2 LS+ 5 Door Hatchback,55.4,119
5516,CHEVROLET,Spark,1.0+ 5 Door Hatchback,55.4,119
5517,CHEVROLET,Spark,1.0 LS 5 Door Hatchback,55.4,119
5518,CHEVROLET,Spark,1.2 LS 5 Door Hatchback,55.4,119
5519,CHEVROLET,Spark,1.2 LT 5 Door Hatchback,55.4,119
5520,CHRYSLER JEEP,Jeep Wrangler,3.8 Sahara & Rubicon 3.73 axle ratio (JK72),23.7,276
5521,CHRYSLER JEEP,Jeep Wrangler,3.8 Rubicon 4.1 axle ratio (JK72),23.3,280
5522,CHRYSLER JEEP,Jeep Wrangler,3.8 Rubicon 4.1 axle ratio (JK72),23.2,283
5523,CHRYSLER JEEP,Jeep Wrangler,3.8 Rubicon 4.1 axle ratio (JK74),22.8,287
5524,CHRYSLER JEEP,Jeep Wrangler,3.8 Rubicon 4.1 axle ratio (JK74),22.8,288
5525,CHRYSLER JEEP,Jeep Compass,2.4 CVT,32.1,203
5526,CHRYSLER JEEP,Jeep Compass,2.4 Manual,32.5,201
5527,CHRYSLER JEEP,Jeep Patriot,2.4 CVT,31.0,210
5528,CHRYSLER JEEP,Jeep Patriot,2.4 Manual,33.2,196
5529,CITROEN,C4,2.0HDi 140hp,53.3,139
5530,CITROEN,C6,3.0HDi V6,38.2,195
5531,CITROEN,C5,3.0HDi Tourer auto,38.2,195
5532,CITROEN,C5,2.0HDi 160hp,41.5,179
5533,CITROEN,C5,2.0HDi 160hp Tourer,49.6,149
5534,CITROEN,C5,2.0HDi 160hp Tourer,40.9,179
5535,CITROEN,C5,1.6i 16v THP,39.8,167
5536,CITROEN,C5,2.0HDi 140hp,48.7,153
5537,CITROEN,C5,3.0HDi auto,38.2,195
5538,CITROEN,C5,2.0HDi 140hp Tourer,47.9,155
5539,CITROEN,C5,2.0HDi 160hp,50.4,147
5540,CITROEN,C3 Picasso,1.6VTi 120hp,40.9,159
5541,CITROEN,New C3,1.1i 8v 61hp,47.1,137
5542,CITROEN,New C3,1.4i 8v 75hp,46.3,140
5543,CITROEN,New C3,1.4i 16v VTi 120hp,47.9,136
5544,CITROEN,New C3,1.6i 16v VTi 120hp auto,40.9,158
5545,CITROEN,New C3,1.6HDi 90hp Airdream+,74.3,99
5546,CITROEN,New C3,1.6HDi 110hp,64.2,115
5547,CITROEN,New C3,1.4i 16v VTi 95hp,47.9,136
5548,CITROEN,DS3,1.6 16v VTi 120hp,47.9,136
5549,CITROEN,DS3,1.4 16v VTi 95hp,48.7,134
5550,CITROEN,DS3,1.6 16V THP 150hp,42.2,155
5551,CITROEN,DS3,1.6HDi 90hp,70.6,104
5552,CITROEN,DS3,1.6HDi 110hp,62.8,118
5553,CITROEN,DS3,1.6HDi 90hp,74.3,99
5554,FERRARI,All Models,California,21.5,299
5555,FIAT,500 and 500C,1.2,55.4,119
5556,FIAT,500 and 500C,1.2 Dualogic,56.5,118
5557,FIAT,500 and 500C,1.2 Start and Stop,58.9,113
5558,FIAT,500 and 500C,1.2 Dualogic Stop and Start,60.1,110
5559,FIAT,500 and 500C,1.4 16v,46.3,140
5560,FIAT,500 and 500C,1.4 16v Dualogic,48.7,135
5561,FIAT,500 and 500C,1.4 16v Start and Stop,48.7,135
5562,FIAT,500 and 500C,1.4 16v Dualogic Start and Stop,50.4,130
5563,FIAT,500 and 500C,1.3 16v MultiJet 75,67.3,110
5564,FIAT,500 and 500C,1.3 16v MultiJet 95,72.4,104
5565,FIAT,Punto Evo,1.4 8v,49.6,132
5566,FIAT,Punto Evo,1.4 8v Dualogic,52.3,124
5567,FIAT,Punto Evo,1.4 16v MultiAir 105,49.6,134
5568,FIAT,Punto Evo,1.4 16v MultiAir Turbo 135,50.4,129
5569,FIAT,Punto Evo,1.3 16v MultiJet 75,68.9,108
5570,FIAT,Punto Evo,1.3 16v MultiJet 95,67.3,110
5571,FIAT,Punto Evo,1.3 16v MultiJet 95 Dualogic,68.9,107
5572,FIAT,Bravo,1.6 16v MultiJet 120,58.9,125
5573,FIAT,Bravo,1.6 16v MultiJet 120 Dualogic,61.4,120
5574,FIAT,Bravo,2.0 16v MultiJet 165,53.3,139
5575,FIAT,Sedici (Series 2),1.6 4x2,45.6,143
5576,FIAT,Sedici (Series 2),1.6 4x4,43.5,149
5577,FIAT,Sedici (Series 2),2.0 MultiJet 4x4,51.4,143
5578,FIAT,New Doblo,1.4,39.2,166
5579,FIAT,New Doblo,1.6 MultiJet,54.3,138
5580,FIAT,New Doblo,2.0 MultiJet,49.6,150
5581,FIAT,Grande Punto (Series 2),1.6 16v MultiJet 120,62.8,119
5582,FORD,New Fiesta,1.25 Duratec (60PS),51.4,127
5583,FORD,New Fiesta,1.25 Duratec (82PS),49.6,133
5584,FORD,Focus,1.6 Duratorq TDCi (109PS) 3/5 Door Saloon (+DPF),62.8,119
5585,FORD,Focus,1.6 Duratorq TDCi (90PS) 5 Door Saloon,62.8,119
5586,FORD,Focus,1.6 Duratorq TDCi (90PS) Estate,62.8,119
5587,FORD,Focus,1.6 Duratorq TDCi (109PS) Estate (+DPF),62.8,119
5588,FORD,Focus,1.6 Duratorq TDCi (90PS) 3/5 Door,64.2,115
5589,FORD,Focus,1.6 Duratorq TDCi (90PS) Estate,64.2,115
5590,FORD,Focus,1.6 Duratorq TDCi (109PS) 3/5 Door (+DPF),64.2,115
5591,FORD,Focus,1.6 Duratorq TDCi (109PS) Estate (+DPF),64.2,115
5592,FORD,Mondeo,2.0 Duratec (145PS) Saloon,35.8,184
5593,FORD,Mondeo,2.0 Duratec (145PS) Estate,35.8,184
5594,FORD,S-Max,2.0 Duratec (145PS),34.4,189
5595,FORD,Galaxy,2.0 Duratec (145PS),34.4,189
5596,HONDA,Civic,1.4 i-VTEC SE 5 door,47.9,135
5597,HONDA,Civic,1.4 i-VTEC SE 5 door,49.6,132
5598,HONDA,Civic,1.4 i-VTEC Type S 3 door,47.9,135
5599,HONDA,Civic,1.4 i-VTEC Type S 3 door,49.6,132
5600,HONDA,Civic,1.8 i-VTEC ES 5 door,42.2,155
5601,HONDA,Civic,1.8 i-VTEC ES GT 5 door,42.2,155
5602,HONDA,Civic,1.8 i-VTEC EX 5 door,42.2,155
5603,HONDA,Civic,1.8 i-VTEC EX GT 5 door,42.2,155
5604,HONDA,Civic,1.8 i-VTEC SE 5 door,42.8,152
5605,HONDA,Civic,1.8 i-VTEC Type S 3 door,42.2,155
5606,HONDA,Civic,1.8 i-VTEC Type S GT 3 door,42.2,155
5607,HONDA,Civic,1.4 i-VTEC Type S 3 door,47.9,135
5608,HONDA,Civic,1.4 i-VTEC Type S 3 door,49.6,132
5609,HONDA,Civic,1.4 i-VTEC Type S-T 3 door,47.9,135
5610,HONDA,Civic,1.4 i-VTEC Type S-T 3 door,49.6,132
5611,HONDA,Civic,1.4 i-VTEC SE 5 door,47.9,135
5612,HONDA,Civic,1.4 i-VTEC SE 5 door,49.6,132
5613,HONDA,Civic,1.4 i-VTEC SE-T 5 door,47.9,135
5614,HONDA,Civic,1.4 i-VTEC SE-T 5 door,49.6,132
5615,HONDA,Civic,1.4 i-VTEC Si 5 door,47.9,135
5616,HONDA,Civic,1.4 i-VTEC Si 5 door,49.6,132
5617,HONDA,Civic,1.4 i-VTEC Si-T 5 door,47.9,135
5618,HONDA,Civic,1.4 i-VTEC Si-T 5 door,49.6,132
5619,HONDA,Civic,1.8 i-VTEC Type S GT 3 door,42.2,155
5620,HONDA,Civic,1.8 i-VTEC Type S GT-T 3 door,42.2,155
5621,HONDA,Civic,1.8 i-VTEC ES 5 door,42.2,155
5622,HONDA,Civic,1.8 i-VTEC ES-T 5 door,42.2,155
5623,HONDA,Civic,1.8 i-VTEC EX GT 5 door,42.2,155
5624,HONDA,Civic,1.8 i-VTEC SE 5 door,42.8,152
5625,HONDA,Civic,1.8 i-VTEC SE-T 5 door,42.8,152
5626,HONDA,Civic,1.8 i-VTEC Si 5 door,42.2,155
5627,HONDA,Civic,1.8 i-VTEC Si-T 5 door,42.2,155
5628,HONDA,Civic Hybrid,1.4 IMA ES Saloon,61.4,109
5629,HONDA,Civic Hybrid,1.4 IMA ES Leather Saloon,61.4,109
5630,HONDA,Civic Hybrid,1.4 IMA EX Saloon,61.4,109
5631,HONDA,Civic Hybrid,1.4 IMA ES Saloon,61.4,109
5632,HONDA,Civic Hybrid,1.4 IMA ES Leather Saloon,61.4,109
5633,HONDA,Civic Hybrid,1.4 IMA EX Saloon,61.4,109
5634,HONDA,Accord,2.0 i-VTEC ES Saloon,39.2,170
5635,HONDA,Accord,2.0 i-VTEC ES Saloon,37.7,178
5636,HONDA,Accord,2.0 i-VTEC ES GT Saloon,38.7,174
5637,HONDA,Accord,2.0 i-VTEC ES GT Saloon,36.7,182
5638,HONDA,Accord,2.0 i-VTEC EX Saloon,36.7,182
5639,HONDA,Accord,2.0 i-VTEC EX Saloon,38.7,174
5640,HONDA,Accord,2.4 i-VTEC EX Saloon,32.1,209
5641,HONDA,Accord,2.4 i-VTEC EX Saloon,32.8,202
5642,HONDA,Accord,2.2 i-DTEC ES Saloon,50.4,148
5643,HONDA,Accord,2.2 i-DTEC ES Saloon,44.1,170
5644,HONDA,Accord,2.2 i-DTEC ES GT Saloon,49.7,150
5645,HONDA,Accord,2.2 i-DTEC ES GT Saloon,44.1,170
5646,HONDA,Accord,2.2 i-DTEC EX Saloon,49.7,150
5647,HONDA,Accord,2.2 i-DTEC EX Saloon,44.1,170
5648,HONDA,Accord,2.2 i-DTEC Type S Saloon,48.7,154
5649,HONDA,Accord,2.0 i-VTEC ES Tourer,38.7,173
5650,HONDA,Accord,2.0 i-VTEC ES Tourer,36.7,183
5651,HONDA,Accord,2.0 i-VTEC ES GT Tourer,37.7,177
5652,HONDA,Accord,2.0 i-VTEC ES GT Tourer,35.8,187
5653,HONDA,Accord,2.2 i-DTEC ES Tourer,47.9,155
5654,HONDA,Accord,2.2 i-DTEC ES Tourer,42.8,173
5655,HONDA,Accord,2.2 i-DTEC ES GT Tourer,47.9,157
5656,HONDA,Accord,2.2 i-DTEC ES GT Tourer,42.8,174
5657,HONDA,Accord,2.2 i-DTEC EX Tourer,47.9,157
5658,HONDA,Accord,2.2 i-DTEC EX Tourer,42.8,174
5659,HONDA,Insight,1.3 IMA ES 5 door,61.4,105
5660,HONDA,Insight,1.3 IMA ES-T 5 door,61.4,105
5661,HONDA,Insight,1.3 IMA S 5 door,64.2,101
5662,HONDA,Insight,1.3 IMA SE 5 door,64.2,101
5663,HYUNDAI,Santa Fe,2.2l CRDi (5 & 7 Seat) - 2010 MY Facelift,41.5,176
5664,HYUNDAI,Santa Fe,2.2l CRDi (5 Seat) - 2010 MY Facelift,39.2,194
5665,HYUNDAI,Santa Fe,2.2l CRDi (7 Seat) - 2010 MY Facelift,38.2,197
5666,INFINITI,EX37 2009,EX37 4WD,25.7,265
5667,INFINITI,FX 2009,FX37 4WD,23.3,282
5668,INFINITI,FX 2009,FX50 4WD,21.6,307
5669,INFINITI,G37 2009,G37 Saloon 2WD,26.6,248
5670,INFINITI,G37 2009,G37 Saloon 2WD,26.9,246
5671,INFINITI,G37 2009,G37 Saloon 4WD,25.7,255
5672,INFINITI,G37 2009,G37 Coupé,26.6,248
5673,INFINITI,G37 2009,G37 Coupé,26.9,246
5674,INFINITI,G37 2009,G37 Convertible,25.7,275
5675,INFINITI,G37 2009,G37 Convertible,24.8,264
5676,JAGUAR CARS,XK,5.0L Convertible,24.9,264
5677,JAGUAR CARS,XK,5.0L Coupé,24.9,264
5678,JAGUAR CARS,XF,5.0L V8,24.9,264
5679,JAGUAR CARS,XF,TDV6 cDPF,40.6,179
5680,JAGUAR CARS,XF,5.0L V8 Supercharged,22.5,292
5681,JAGUAR CARS,XKR8,5.0L Supercharged Convertible,22.5,292
5682,JAGUAR CARS,XKR8,5.0L Supercharged Coupé,22.5,292
5683,LAND ROVER,Discovery 4,3.0 V6,30.4,244
5684,LAND ROVER,Discovery 4,5.0 V8,20.0,328
5685,LAND ROVER,Range Rover,5.0 V8 Super Charged,19.0,348
5686,LAND ROVER,Range Rover,5.0 V8,20.2,326
5687,LAND ROVER,Range Rover Sport,3.0 V6,30.7,243
5688,LAND ROVER,Range Rover Sport,5.0 V8 Super Charged,19.0,348
5689,LAND ROVER,Range Rover Sport,5.0 V8,20.3,327
5690,MASERATI,Quattroporte,Automatic,19.2,340
5691,MASERATI,Quattroporte,S,18.0,365
5692,MASERATI,Quattroporte,Sport GT S,18.0,365
5693,MASERATI,Granturismo,Automatic,19.8,330
5694,MASERATI,Granturismo,S,17.2,385
5695,MASERATI,Granturismo,S Automatic,18.6,354
5696,MASERATI,Grancabrio,Automatic,18.3,358
5697,MAZDA,Mazda3,2.0 4/5 Door,41.5,159
5698,MAZDA,Mazda3,2.0 5 Door,37.2,175
5699,MAZDA,Mazda3,MPS,29.4,224
5700,MAZDA,Mazda3,2.2 (150PS) 5 Door,52.3,144
5701,MAZDA,Mazda3,2.2 (185PS) 4/5 Door,50.4,149
5702,MAZDA,CX-7,2.2D,37.7,199
5703,MERCEDES-BENZ,A-Class 3 door,A 160 BlueEFFICIENCY with 15 rear wheels,47.1,139
5704,MERCEDES-BENZ,A-Class 3 door,A 160 BlueEFFICIENCY with 16 rear wheels,45.6,143
5705,MERCEDES-BENZ,A-Class 3 door,A 160 BlueEFFICIENCY with 17/18 rear wheels,45.6,143
5706,MERCEDES-BENZ,A-Class 3 door,A 160 CDI with 185/65 15 rear wheels,64.2,116
5707,MERCEDES-BENZ,A-Class 3 door,A 180 BlueEFFICIENCY with 15 rear wheels,44.8,145
5708,MERCEDES-BENZ,A-Class 3 door,A 180 BlueEFFICIENCY with 195/55 16 rear wheels,43.5,151
5709,MERCEDES-BENZ,A-Class 3 door,A 180 BlueEFFICIENCY with 17/18 rear wheels,42.8,153
5710,MERCEDES-BENZ,A-Class 3 door,A 180 CDI with 15 rear wheels,56.5,131
5711,MERCEDES-BENZ,A-Class 5 door,A 160 BlueEFFICIENCY with 15 rear wheels,47.1,139
5712,MERCEDES-BENZ,A-Class 5 door,A 160 BlueEFFICIENCY with 16 rear wheels,45.6,143
5713,MERCEDES-BENZ,A-Class 5 door,A 160 BlueEFFICIENCY with 17/18 rear wheels,45.6,143
5714,MERCEDES-BENZ,A-Class 5 door,A 160 CDI with 185/65 15 rear wheels,62.8,118
5715,MERCEDES-BENZ,A-Class 5 door,A 180 BlueEFFICIENCY with 15 rear wheels,44.8,145
5716,MERCEDES-BENZ,A-Class 5 door,A 180 BlueEFFICIENCY with 195/55 16 rear wheels,43.5,151
5717,MERCEDES-BENZ,A-Class 5 door,A 180 BlueEFFICIENCY with 17/18 rear wheels,42.8,153
5718,MERCEDES-BENZ,A-Class 5 door,A 180 CDI with 15 rear wheels,56.5,131
5719,MERCEDES-BENZ,B-Class,B 160 BlueEFFICIENCY with 195/65 15 or 205/55 16 rear wheels,44.1,149
5720,MERCEDES-BENZ,B-Class,B 160 BlueEFFICIENCY with 215/45 17 or 215/40 18 rear wheels,42.8,152
5721,MERCEDES-BENZ,B-Class,B 180 BlueEFFICIENCY with 195/65 15 or 205/55 16 rear wheels,44.8,146
5722,MERCEDES-BENZ,B-Class,B 180 BlueEFFICIENCY with 215/45 17 or 215/40 18 rear wheels,42.8,153
5723,MERCEDES-BENZ,C-Class Saloon,C 180 CGI BlueEFFICIENCY with 195/60 16 rear wheels,40.4,163
5724,MERCEDES-BENZ,C-Class Saloon,C 200 CDI BlueEFFICIENCY with 195/60 16 rear wheels,56.5,130
5725,MERCEDES-BENZ,C-Class Saloon,C 200 CDI BlueEFFICIENCY with 205/55 16 rear wheels,51.4,145
5726,MERCEDES-BENZ,C-Class Saloon,C 200 CDI BlueEFFICIENCY with 205/55 16 rear wheels,56.5,131
5727,MERCEDES-BENZ,C-Class Saloon,C 200 CDI BlueEFFICIENCY with 225/45 or 245/40 17 rear wheels,47.9,155
5728,MERCEDES-BENZ,C-Class Saloon,C 200 CDI BlueEFFICIENCY with 225/45 or 245/40 17 rear wheels,52.3,139
5729,MERCEDES-BENZ,C-Class Saloon,C 200 CDI BlueEFFICIENCY with 225/50 16 rear wheels,49.6,149
5730,MERCEDES-BENZ,C-Class Saloon,C 200 CDI BlueEFFICIENCY with 225/50 16 rear wheels,54.3,134
5731,MERCEDES-BENZ,C-Class Saloon,C 200 CDI BlueEFFICIENCY with 255/35 18 rear wheels,44.8,164
5732,MERCEDES-BENZ,C-Class Saloon,C 200 CDI BlueEFFICIENCY with 255/35 18 rear wheels,49.6,148
5733,MERCEDES-BENZ,C-Class Saloon,C 220 CDI BlueEFFICIENCY with 205/55 16 rear wheels,48.7,153
5734,MERCEDES-BENZ,C-Class Saloon,C 220 CDI BlueEFFICIENCY with 205/55 16 rear wheels,58.9,127
5735,MERCEDES-BENZ,C-Class Saloon,C 220 CDI BlueEFFICIENCY with 225/45 or 245/40 17 rear wheels,46.3,160
5736,MERCEDES-BENZ,C-Class Saloon,C 180 CGI BlueEFFICIENCY with 205/55 16 rear wheels,39.8,165
5737,MERCEDES-BENZ,C-Class Saloon,C 180 CGI BlueEFFICIENCY with 225/45 or 245/40 17 rear wheels,38.2,172
5738,MERCEDES-BENZ,C-Class Saloon,C 220 CDI BlueEFFICIENCY with 225/45 or 245/40 17 rear wheels,55.4,135
5739,MERCEDES-BENZ,C-Class Saloon,C 220 CDI BlueEFFICIENCY with 225/50 16 rear wheels,47.1,156
5740,MERCEDES-BENZ,C-Class Saloon,C 220 CDI BlueEFFICIENCY with 225/50 16 rear wheels,56.5,131
5741,MERCEDES-BENZ,C-Class Saloon,C 220 CDI BlueEFFICIENCY with 255/35 18 rear wheels,44.1,167
5742,MERCEDES-BENZ,C-Class Saloon,C 220 CDI BlueEFFICIENCY with 255/35 18 rear wheels,52.3,143
5743,MERCEDES-BENZ,C-Class Saloon,C 250 CDI BlueEFFICIENCY with 205/55 16 rear wheels,48.7,153
5744,MERCEDES-BENZ,C-Class Saloon,C 250 CDI BlueEFFICIENCY with 205/55 16 rear wheels,55.4,134
5745,MERCEDES-BENZ,C-Class Saloon,C 250 CDI BlueEFFICIENCY with 225/45 or 245/40 17 rear wheels,46.3,160
5746,MERCEDES-BENZ,C-Class Saloon,C 250 CDI BlueEFFICIENCY with 225/45 or 245/40 17 rear wheels,52.3,142
5747,MERCEDES-BENZ,C-Class Saloon,C 250 CDI BlueEFFICIENCY with 225/50 16 rear wheels,47.1,156
5748,MERCEDES-BENZ,C-Class Saloon,C 250 CDI BlueEFFICIENCY with 225/50 16 rear wheels,54.3,137
5749,MERCEDES-BENZ,C-Class Saloon,C 250 CDI BlueEFFICIENCY with 255/35 18 rear wheels,44.1,167
5750,MERCEDES-BENZ,C-Class Saloon,C 250 CDI BlueEFFICIENCY with 255/35 18 rear wheels,50.4,147
5751,MERCEDES-BENZ,C-Class Saloon,C 180 CGI BlueEFFICIENCY with 225/50 16 rear wheels,39.2,168
5752,MERCEDES-BENZ,C-Class Saloon,C 180 CGI BlueEFFICIENCY with 255/35 18 rear wheels,37.2,177
5753,MERCEDES-BENZ,C-Class Saloon,C 200 CDI BlueEFFICIENCY with 195/60 16 rear wheels,51.4,144
5754,MERCEDES-BENZ,C-Class Saloon,C 250 CGI BlueEFFICIENCY with 205/55 16 rear wheels,39.2,168
5755,MERCEDES-BENZ,C-Class Saloon,C 250 CGI BlueEFFICIENCY with 225/45 or 245/40 17 rear wheels,37.2,178
5756,MERCEDES-BENZ,C-Class Saloon,C 250 CGI BlueEFFICIENCY with 225/50 16 rear wheels,38.2,173
5757,MERCEDES-BENZ,C-Class Saloon,C 250 CGI BlueEFFICIENCY with 255/35 18 rear wheels,35.8,184
5758,MERCEDES-BENZ,C-Class Saloon,C 350 with 225/45 or 245/40 17 rear wheels,28.5,232
5759,MERCEDES-BENZ,C-Class Saloon,C 350 with 255/35 18 rear wheels,27.7,239
5760,MERCEDES-BENZ,C-Class Estate,C 180 CGI BlueEFFICIENCY with 205/55 16 rear wheels,38.2,172
5761,MERCEDES-BENZ,C-Class Estate,C 180 CGI BlueEFFICIENCY with 225/45 or 245/40 17 rear wheels,36.7,179
5762,MERCEDES-BENZ,C-Class Estate,C 180 CGI BlueEFFICIENCY with 255/35 18 rear wheels,35.3,186
5763,MERCEDES-BENZ,C-Class Estate,C 200 CDI BlueEFFICIENCY with 205/55 16 rear wheels,48.7,153
5764,MERCEDES-BENZ,C-Class Estate,C 200 CDI BlueEFFICIENCY with 205/55 16 rear wheels,54.3,137
5765,MERCEDES-BENZ,C-Class Estate,C 200 CDI BlueEFFICIENCY with 225/45 or 245/40 17 rear wheels,46.3,160
5766,MERCEDES-BENZ,C-Class Estate,C 200 CDI BlueEFFICIENCY with 225/50 16 rear wheels,52.3,141
5767,MERCEDES-BENZ,C-Class Estate,C 200 CDI BlueEFFICIENCY with 255/35 18 rear wheels,44.1,167
5768,MERCEDES-BENZ,C-Class Estate,C 200 CDI BlueEFFICIENCY with 255/35 18 rear wheels,47.9,155
5769,MERCEDES-BENZ,C-Class Estate,C 220 CDI BlueEFFICIENCY with 205/55 16 rear wheels,47.1,159
5770,MERCEDES-BENZ,C-Class Estate,C 220 CDI BlueEFFICIENCY with 205/55 16 rear wheels,57.6,130
5771,MERCEDES-BENZ,C-Class Estate,C 220 CDI BlueEFFICIENCY with 225/50 16 rear wheels,56.5,133
5772,MERCEDES-BENZ,C-Class Estate,C 250 CGI BlueEFFICIENCY with 255/35 18 rear wheels,35.3,188
5773,MERCEDES-BENZ,C-Class Estate,C 350 with 225/45 or 245/40 17 rear wheels,28.0,235
5774,MERCEDES-BENZ,C-Class Estate,C 350 CDI BlueEFFICIENCY with 225/45 or 245/40 17 rear wheels,41.5,180
5775,MERCEDES-BENZ,C-Class Estate,C 180 CGI BlueEFFICIENCY with 225/50 16 rear wheels,37.7,175
5776,MERCEDES-BENZ,C-Class Estate,C 220 CDI BlueEFFICIENCY with 255/35 18 rear wheels,43.5,171
5777,MERCEDES-BENZ,C-Class Estate,C 220 CDI BlueEFFICIENCY with 255/35 18 rear wheels,52.3,144
5778,MERCEDES-BENZ,C-Class Estate,C 250 CDI BlueEFFICIENCY with 205/55 or 225/50 16 rear wheels,46.3,160
5779,MERCEDES-BENZ,C-Class Estate,C 250 CDI BlueEFFICIENCY with 205/55 or 225/50 16 rear wheels,53.3,140
5780,MERCEDES-BENZ,C-Class Estate,C 250 CDI BlueEFFICIENCY with 225/45 or 245/40 17 rear wheels,44.8,166
5781,MERCEDES-BENZ,C-Class Estate,C 250 CDI BlueEFFICIENCY with 225/45 or 245/40 17 rear wheels,51.4,145
5782,MERCEDES-BENZ,C-Class Estate,C 250 CDI BlueEFFICIENCY with 255/35 18 rear wheels,43.5,171
5783,MERCEDES-BENZ,C-Class Estate,C 250 CDI BlueEFFICIENCY with 255/35 18 rear wheels,48.7,153
5784,MERCEDES-BENZ,C-Class Estate,C 350 CDI BlueEFFICIENCY with 255/35 18 rear wheels,40.4,184
5785,MERCEDES-BENZ,C-Class Estate,C 200 CDI BlueEFFICIENCY with 225/45 or 245/40 17 rear wheels,50.4,146
5786,MERCEDES-BENZ,C-Class Estate,C 200 CDI BlueEFFICIENCY with 225/50 16 rear wheels,47.9,156
5787,MERCEDES-BENZ,C-Class Estate,C 220 CDI BlueEFFICIENCY with 225/45 or 245/40 17 rear wheels,44.8,166
5788,MERCEDES-BENZ,C-Class Estate,C 220 CDI BlueEFFICIENCY with 225/45 or 245/40 17 rear wheels,54.3,137
5789,MERCEDES-BENZ,C-Class Estate,C 220 CDI BlueEFFICIENCY with 225/50 16 rear wheels,46.3,160
5790,MERCEDES-BENZ,C-Class Estate,C 250 CGI BlueEFFICIENCY with 205/55 or 225/50 16 rear wheels,37.7,175
5791,MERCEDES-BENZ,C-Class Estate,C 250 CGI BlueEFFICIENCY with 225/45 or 245/40 17 rear wheels,36.7,180
5792,MERCEDES-BENZ,C-Class Estate,C 350 with 255/35 18 rear wheels,27.2,242
5793,MERCEDES-BENZ,CL-Class Coupé,CL 500,23.0,288
5794,MERCEDES-BENZ,CLS-Class,CLS 500 245/40 18 rear wheels,23.9,275
5795,MERCEDES-BENZ,CLS-Class,CLS 500 275/35 18 or 285/30 19 rear wheels,23.5,280
5796,MERCEDES-BENZ,E-Class Saloon,E 63 AMG with 285/35 18 or 285/30 19 rear wheels,22.4,295
5797,MERCEDES-BENZ,E-Class Saloon,E 200 CDI BlueEFFICIENCY with 205/65 or 225/55 16 rear wheels,51.4,145
5798,MERCEDES-BENZ,E-Class Saloon,E 200 CDI BlueEFFICIENCY with 205/65 or 225/55 16 rear wheels,54.3,137
5799,MERCEDES-BENZ,E-Class Saloon,E 200 CDI BlueEFFICIENCY with 245/45 17 rear wheels,49.6,149
5800,MERCEDES-BENZ,E-Class Saloon,E 200 CDI BlueEFFICIENCY with 265/35 18 rear wheels,47.9,153
5801,MERCEDES-BENZ,E-Class Saloon,E 220 CDI BlueEFFICIENCY with 205/65 or 225/55 16 rear wheels,48.7,154
5802,MERCEDES-BENZ,E-Class Saloon,E 220 CDI BlueEFFICIENCY with 205/65 or 225/55 16 rear wheels,53.3,139
5803,MERCEDES-BENZ,E-Class Saloon,E 220 CDI BlueEFFICIENCY with 245/45 17 rear wheels,47.9,156
5804,MERCEDES-BENZ,E-Class Saloon,E 220 CDI BlueEFFICIENCY with 245/45 17 rear wheels,52.3,142
5805,MERCEDES-BENZ,E-Class Saloon,E 220 CDI BlueEFFICIENCY with 265/35 18 rear wheels,47.1,159
5806,MERCEDES-BENZ,E-Class Saloon,E 250 CGI BlueEFFICIENCY with 265/35 18 rear wheels,35.3,187
5807,MERCEDES-BENZ,E-Class Saloon,E 350 CDI BlueEFFICIENCY with 225/55 16 rear wheels,41.5,179
5808,MERCEDES-BENZ,E-Class Saloon,E 350 CDI BlueEFFICIENCY with 245/45 17 rear wheels,40.9,181
5809,MERCEDES-BENZ,E-Class Saloon,E 350 CDI BlueEFFICIENCY with 265/35 18 rear wheels,39.8,186
5810,MERCEDES-BENZ,E-Class Saloon,E 350 CGI BlueEFFICIENCY with 225/55 16 rear wheels,33.2,199
5811,MERCEDES-BENZ,E-Class Saloon,E 500 with 265/35 18 rear wheels,25.2,261
5812,MERCEDES-BENZ,E-Class Saloon,E 220 CDI BlueEFFICIENCY with 265/35 18 rear wheels,51.4,144
5813,MERCEDES-BENZ,E-Class Saloon,E 250 CDI BlueEFFICIENCY with 225/55 16 rear wheels,48.7,154
5814,MERCEDES-BENZ,E-Class Saloon,E 250 CDI BlueEFFICIENCY with 225/55 16 rear wheels,53.3,139
5815,MERCEDES-BENZ,E-Class Saloon,E 250 CDI BlueEFFICIENCY with 245/45 17 rear wheels,47.9,156
5816,MERCEDES-BENZ,E-Class Saloon,E 250 CDI BlueEFFICIENCY with 245/45 17 rear wheels,52.3,142
5817,MERCEDES-BENZ,E-Class Saloon,E 250 CDI BlueEFFICIENCY with 265/35 18 rear wheels,47.1,159
5818,MERCEDES-BENZ,E-Class Saloon,E 200 CGI BlueEFFICIENCY with 205/65 or 225/55 16 rear wheels,37.7,177
5819,MERCEDES-BENZ,E-Class Saloon,E 200 CGI BlueEFFICIENCY with 205/65 or 225/55 16 rear wheels,38.7,169
5820,MERCEDES-BENZ,E-Class Saloon,E 350 CGI BlueEFFICIENCY with 245/45 17 rear wheels,32.8,201
5821,MERCEDES-BENZ,E-Class Saloon,E 350 CGI BlueEFFICIENCY with 265/35 18 rear wheels,32.1,205
5822,MERCEDES-BENZ,E-Class Saloon,E 500 with 245/45 17 rear wheels,26.2,253
5823,MERCEDES-BENZ,E-Class Saloon,E 200 CDI BlueEFFICIENCY with 245/45 17 rear wheels,53.3,140
5824,MERCEDES-BENZ,E-Class Saloon,E 200 CDI BlueEFFICIENCY with 265/35 18 rear wheels,51.4,145
5825,MERCEDES-BENZ,E-Class Saloon,E 200 CGI BlueEFFICIENCY with 245/45 17 rear wheels,37.2,179
5826,MERCEDES-BENZ,E-Class Saloon,E 200 CGI BlueEFFICIENCY with 245/45 17 rear wheels,38.2,172
5827,MERCEDES-BENZ,E-Class Saloon,E 200 CGI BlueEFFICIENCY with 265/35 18 rear wheels,35.8,184
5828,MERCEDES-BENZ,E-Class Saloon,E 200 CGI BlueEFFICIENCY with 265/35 18 rear wheels,37.2,176
5829,MERCEDES-BENZ,E-Class Saloon,E 250 CDI BlueEFFICIENCY with 265/35 18 rear wheels,51.4,144
5830,MERCEDES-BENZ,E-Class Saloon,E 250 CGI BlueEFFICIENCY with 225/55 16 rear wheels,37.2,179
5831,MERCEDES-BENZ,E-Class Saloon,E 250 CGI BlueEFFICIENCY with 245/45 17 rear wheels,36.7,181
5832,MERCEDES-BENZ,E-Class Estate,E 200 CGI BlueEFFICIENCY with 225/55 16 rear wheels,35.8,184
5833,MERCEDES-BENZ,E-Class Estate,E 200 CGI BlueEFFICIENCY with 245/45 17 rear wheels,34.9,188
5834,MERCEDES-BENZ,E-Class Estate,E 200 CGI BlueEFFICIENCY with 245/45 17 or 265/35 18 rear wheels,35.3,187
5835,MERCEDES-BENZ,E-Class Estate,E 200 CGI BlueEFFICIENCY with 265/35 18 rear wheels,34.9,189
5836,MERCEDES-BENZ,E-Class Estate,E 220 CDI BlueEFFICIENCY with 225/55 16 rear wheels,46.3,159
5837,MERCEDES-BENZ,E-Class Estate,E 220 CDI BlueEFFICIENCY with 225/55 16 rear wheels,49.6,150
5838,MERCEDES-BENZ,E-Class Estate,E 200 CGI BlueEFFICIENCY with 225/55 16 rear wheels,35.8,183
5839,MERCEDES-BENZ,E-Class Estate,E 220 CDI BlueEFFICIENCY with 245/45 17 rear wheels,45.6,162
5840,MERCEDES-BENZ,E-Class Estate,E 220 CDI BlueEFFICIENCY with 245/45 17 rear wheels,48.7,152
5841,MERCEDES-BENZ,E-Class Estate,E 220 CDI BlueEFFICIENCY with 265/35 18 rear wheels,45.6,163
5842,MERCEDES-BENZ,E-Class Estate,E 220 CDI BlueEFFICIENCY with 265/35 18 rear wheels,48.7,153
5843,MERCEDES-BENZ,E-Class Estate,E 250 CDI BlueEFFICIENCY with 225/55 16 rear wheels,46.3,159
5844,MERCEDES-BENZ,E-Class Estate,E 250 CDI BlueEFFICIENCY with 225/55 16 rear wheels,49.6,150
5845,MERCEDES-BENZ,E-Class Estate,E 250 CDI BlueEFFICIENCY with 245/45 17 rear wheels,45.6,162
5846,MERCEDES-BENZ,E-Class Estate,E 250 CDI BlueEFFICIENCY with 245/45 17 rear wheels,48.7,152
5847,MERCEDES-BENZ,E-Class Estate,E 250 CGI BlueEFFICIENCY with 245/45 17 rear wheels,34.4,190
5848,MERCEDES-BENZ,E-Class Estate,E 250 CGI BlueEFFICIENCY with 265/35 18 rear wheels,34.4,191
5849,MERCEDES-BENZ,E-Class Estate,E 350 CDI BlueEFFICIENCY with 225/55 16 rear wheels,40.4,185
5850,MERCEDES-BENZ,E-Class Estate,E 350 CDI BlueEFFICIENCY with 245/45 17 rear wheels,39.2,191
5851,MERCEDES-BENZ,E-Class Estate,E 500 with 265/35 18 rear wheels,25.2,260
5852,MERCEDES-BENZ,E-Class Estate,E 63 AMG with 285/35 18 or 285/30 19 rear wheels,22.1,299
5853,MERCEDES-BENZ,E-Class Estate,E 250 CDI BlueEFFICIENCY with 265/35 18 rear wheels,45.6,163
5854,MERCEDES-BENZ,E-Class Estate,E 250 CDI BlueEFFICIENCY with 265/35 18 rear wheels,48.7,153
5855,MERCEDES-BENZ,E-Class Estate,E 250 CGI BlueEFFICIENCY with 225/55 16 rear wheels,35.3,185
5856,MERCEDES-BENZ,E-Class Estate,E 350 CDI BlueEFFICIENCY with 265/35 18 rear wheels,38.7,192
5857,MERCEDES-BENZ,E-Class Estate,E 350 CGI BlueEFFICIENCY with 225/55 16 rear wheels,32.8,200
5858,MERCEDES-BENZ,E-Class Estate,E 350 CGI BlueEFFICIENCY with 245/45 17 rear wheels,32.1,206
5859,MERCEDES-BENZ,E-Class Estate,E 350 CGI BlueEFFICIENCY with 265/35 18 rear wheels,31.7,208
5860,MERCEDES-BENZ,E-Class Estate,E 500 with 245/45 17 rear wheels,25.4,258
5861,MERCEDES-BENZ,E-Class Coupé,E 200 CGI BlueEFFICIENCY with 16 rear wheels,38.2,174
5862,MERCEDES-BENZ,E-Class Coupé,E 200 CGI BlueEFFICIENCY with 215/45 16 or 235/45 17 rear wheels,38.7,168
5863,MERCEDES-BENZ,E-Class Coupé,E 220 CDI BlueEFFICIENCY with 215/45 16 or 235/45 17 rear wheels,45.6,163
5864,MERCEDES-BENZ,E-Class Coupé,E 220 CDI BlueEFFICIENCY with 215/45 16 or 235/45 17 rear wheels,53.3,139
5865,MERCEDES-BENZ,E-Class Coupé,E 220 CDI BlueEFFICIENCY with 255/40 17 or 255/35 18 rear wheels,44.1,168
5866,MERCEDES-BENZ,E-Class Coupé,E 250 CDI BlueEFFICIENCY with 255/40 17 or 255/35 18 rear wheels,44.1,168
5867,MERCEDES-BENZ,E-Class Coupé,E 250 CDI BlueEFFICIENCY with 255/40 17 or 255/35 18 rear wheels,50.4,148
5868,MERCEDES-BENZ,E-Class Coupé,E 250 CGI BlueEFFICIENCY with 16 rear wheels,38.2,174
5869,MERCEDES-BENZ,E-Class Coupé,E 200 CGI BlueEFFICIENCY with 16 rear wheels,39.8,164
5870,MERCEDES-BENZ,E-Class Coupé,E 200 CGI BlueEFFICIENCY with 215/45 16 or 235/45 17 rear wheels,36.7,179
5871,MERCEDES-BENZ,E-Class Coupé,E 200 CGI BlueEFFICIENCY with 255/40 17 or 255/35 18 rear wheels,36.2,182
5872,MERCEDES-BENZ,E-Class Coupé,E 200 CGI BlueEFFICIENCY with 255/40 17 or 255/35 18 rear wheels,38.2,171
5873,MERCEDES-BENZ,E-Class Coupé,E 220 CDI BlueEFFICIENCY with 16 rear wheels,48.7,154
5874,MERCEDES-BENZ,E-Class Coupé,E 220 CDI BlueEFFICIENCY with 16 rear wheels,55.4,133
5875,MERCEDES-BENZ,E-Class Coupé,E 250 CGI BlueEFFICIENCY with 215/45 16 or 235/45 17 rear wheels,36.2,180
5876,MERCEDES-BENZ,E-Class Coupé,E 250 CGI BlueEFFICIENCY with 255/40 17 or 255/35 18 rear wheels,35.8,183
5877,MERCEDES-BENZ,E-Class Coupé,E 350 CDI BlueEFFICIENCY with 235/45 17 or 255/35 18 rear wheels,41.5,179
5878,MERCEDES-BENZ,E-Class Coupé,E 350 CGI BlueEFFICIENCY with 235/45 17 rear wheels,32.8,200
5879,MERCEDES-BENZ,E-Class Coupé,E 350 CGI BlueEFFICIENCY with 255/40 17 or 255/35 18 rear wheels,32.5,203
5880,MERCEDES-BENZ,E-Class Coupé,E 220 CDI BlueEFFICIENCY with 255/40 17 or 255/35 18 rear wheels,52.3,142
5881,MERCEDES-BENZ,E-Class Coupé,E 250 CDI BlueEFFICIENCY with 16 rear wheels,48.7,154
5882,MERCEDES-BENZ,E-Class Coupé,E 250 CDI BlueEFFICIENCY with 16 rear wheels,55.4,135
5883,MERCEDES-BENZ,E-Class Coupé,E 250 CDI BlueEFFICIENCY with 215/45 16 or 235/45 17 rear wheels,45.6,163
5884,MERCEDES-BENZ,E-Class Coupé,E 250 CDI BlueEFFICIENCY with 215/45 16 or 235/45 17 rear wheels,52.3,143
5885,MERCEDES-BENZ,E-Class Coupé,E 350 CGI BlueEFFICIENCY with 225/55 16 rear wheels,33.2,199
5886,MERCEDES-BENZ,E-Class Coupé,E 500,25.9,254
5887,MERCEDES-BENZ,E-Class Cabriolet,E 200 CGI BlueEFFICIENCY with 235/45 17 rear wheels,38.2,172
5888,MERCEDES-BENZ,E-Class Cabriolet,E 200 CGI BlueEFFICIENCY with 255/40 17 or 255/35 18 rear wheels,34.4,190
5889,MERCEDES-BENZ,E-Class Cabriolet,E 200 CGI BlueEFFICIENCY with 255/40 17 or 255/35 18 rear wheels,37.2,177
5890,MERCEDES-BENZ,E-Class Cabriolet,E 220 CDI BlueEFFICIENCY with 255/40 17 or 255/35 18 rear wheels,44.8,165
5891,MERCEDES-BENZ,E-Class Cabriolet,E 200 CGI BlueEFFICIENCY with 235/45 17 rear wheels,35.8,185
5892,MERCEDES-BENZ,E-Class Cabriolet,E 220 CDI BlueEFFICIENCY with 235/45 17 rear wheels,45.6,162
5893,MERCEDES-BENZ,E-Class Cabriolet,E 220 CDI BlueEFFICIENCY with 235/45 17 rear wheels,52.3,143
5894,MERCEDES-BENZ,E-Class Cabriolet,E 220 CDI BlueEFFICIENCY with 255/40 17 or 255/35 18 rear wheels,44.8,165
5895,MERCEDES-BENZ,E-Class Cabriolet,E 220 CDI BlueEFFICIENCY with 255/40 17 or 255/35 18 rear wheels,50.4,148
5896,MERCEDES-BENZ,E-Class Cabriolet,E 250 CDI BlueEFFICIENCY with 255/40 17 or 255/35 18 rear wheels,44.8,165
5897,MERCEDES-BENZ,E-Class Cabriolet,E 250 CDI BlueEFFICIENCY with 255/40 17 or 255/35 18 rear wheels,48.7,153
5898,MERCEDES-BENZ,E-Class Cabriolet,E 250 CGI BlueEFFICIENCY with 235/45 17 rear wheels,35.8,185
5899,MERCEDES-BENZ,E-Class Cabriolet,E 250 CGI BlueEFFICIENCY with 255/40 17 or 255/35 18 rear wheels,34.4,190
5900,MERCEDES-BENZ,E-Class Cabriolet,E 350 CDI BlueEFFICIENCY with 235/45 17 rear wheels,40.4,185
5901,MERCEDES-BENZ,E-Class Cabriolet,E 250 CDI BlueEFFICIENCY with 235/45 17 rear wheels,45.6,162
5902,MERCEDES-BENZ,E-Class Cabriolet,E 250 CDI BlueEFFICIENCY with 235/45 17 rear wheels,50.4,148
5903,MERCEDES-BENZ,E-Class Cabriolet,E 350 CDI BlueEFFICIENCY with 255/40 17 or 255/35 18 rear wheels,39.2,189
5904,MERCEDES-BENZ,E-Class Cabriolet,E 350 CGI BlueEFFICIENCY with 235/45 17 rear wheels,32.1,206
5905,MERCEDES-BENZ,E-Class Cabriolet,E 350 CGI BlueEFFICIENCY with 255/40 17 or 255/35 18 rear wheels,31.4,208
5906,MERCEDES-BENZ,E-Class Cabriolet,E 500 with 255/40 17 or 255/35 18 rear wheels,25.7,257
5907,MERCEDES-BENZ,GL-Class,GL 500 4MATIC with 275/50 20 or 295/40 21 rear wheels,20.5,322
5908,MERCEDES-BENZ,GL-Class,GL 500 4MATIC with 275/55 19 rear wheels,20.8,317
5909,MERCEDES-BENZ,M-Class (164),ML 500 4MATIC 255/265/285 Tyres at rear,21.6,304
5910,MERCEDES-BENZ,S-Class,S 350 with 235/55 17 or 255/45 18 rear wheels,28.2,234
5911,MERCEDES-BENZ,S-Class,S 350 with 275/40 19 or 275/35 20 rear wheels,27.7,237
5912,MERCEDES-BENZ,S-Class,S 350 with 275/45 18 rear wheels,28.0,236
5913,MERCEDES-BENZ,S-Class L,S 350 with 235/55 17 or 255/45 18 rear wheels,28.2,234
5914,MERCEDES-BENZ,S-Class L,S 500 with 275/45 18 rear wheels,25.2,262
5915,MERCEDES-BENZ,S-Class L,S 350 with 275/40 19 or 275/35 20 rear wheels,27.7,237
5916,MERCEDES-BENZ,S-Class L,S 350 with 275/45 18 rear wheels,28.0,236
5917,MERCEDES-BENZ,S-Class L,S 500 with 255/45 18 rear wheels,25.4,260
5918,MERCEDES-BENZ,S-Class L,S 500 with 275/40 19 or 275/35 20 rear wheels,25.0,264
5919,MERCEDES-BENZ,SL-Class,SL 350 with 255/40 or 285/35 18 rear wheels,29.1,226
5920,MERCEDES-BENZ,SL-Class,SL 350 with 285/30 19 rear wheels,29.1,226
5921,MERCEDES-BENZ,SL-Class,SL 500 with 255/40 or 285/35 18 rear wheels,24.4,272
5922,MERCEDES-BENZ,SL-Class,SL 63 AMG with 285/30 19 rear wheels,20.0,328
5923,MERCEDES-BENZ,SL-Class,SL 300 with 245/45 17 rear wheels,30.4,217
5924,MERCEDES-BENZ,SL-Class,SL 300 with 255/40 or 285/35 18 rear wheels,30.4,217
5925,MERCEDES-BENZ,SL-Class,SL 500 with 285/30 19 rear wheels,24.4,272
5926,MERCEDES-BENZ,SL-Class,SL 600 with 285/35 18 or 285/30 19 rear wheels,20.3,326
5927,MERCEDES-BENZ,SL-Class,SL 300 with 285/30 19 rear wheels,30.4,217
5928,MERCEDES-BENZ,SL-Class,SL 350 with 245/45 17 rear wheels,29.1,226
5929,MERCEDES-BENZ,SLK-Class,SLK 350 with 245/40 17 or 245/35 18 rear wheels,29.1,227
5930,MERCEDES-BENZ,SLK-Class,SLK 300 with 225/50 16 rear wheels,31.7,207
5931,MERCEDES-BENZ,SLK-Class,SLK 300 with 245/40 17 or 245/35 18 rear wheels,31.4,209
5932,MERCEDES-BENZ,SLK-Class,SLK 300 with 225/50 16 rear wheels,29.7,220
5933,MERCEDES-BENZ,SLK-Class,SLK 300 with 245/40 17 or 245/35 18 rear wheels,29.1,225
5934,MERCEDES-BENZ,SLK-Class,SLK 350 with 245/40 17 or 245/35 18 rear wheels,31.4,209
5935,MINI,MINI Hatchback R56,MINI First Hatchback - from March 2010,52.3,127
5936,MINI,MINI Hatchback R56,MINI One Hatchback - from March 2010,52.3,127
5937,MINI,MINI Hatchback R56,MINI One Hatchback - from March 2010,44.1,150
5938,MINI,MINI Hatchback R56,MINI Cooper Hatchback - from March 2010,52.3,127
5939,MINI,MINI Hatchback R56,MINI Cooper Hatchback - from March 2010,44.1,150
5940,MINI,MINI Hatchback R56,MINI Cooper S Hatchback - up to February 2010,44.1,149
5941,MINI,MINI Hatchback R56,MINI Cooper S Hatchback - up to February 2010,39.8,165
5942,MINI,MINI Hatchback R56,MINI Cooper S Hatchback - from March 2010,48.7,136
5943,MINI,MINI Hatchback R56,MINI Cooper S Hatchback - from March 2010,44.1,149
5944,MINI,MINI Hatchback R56,MINI John Cooper Works Hatchback - from March 2010,39.8,165
5945,MINI,MINI Clubman R55,MINI One Clubman - from March 2010,51.4,129
5946,MINI,MINI Clubman R55,MINI One Clubman - from March 2010,43.5,152
5947,MINI,MINI Clubman R55,MINI Cooper Clubman - from March 2010,51.4,129
5948,MINI,MINI Clubman R55,MINI Cooper Clubman - from March 2010,43.5,152
5949,MINI,MINI Clubman R55,MINI Cooper S Clubman - up to February 2010,44.1,150
5950,MINI,MINI Clubman R55,MINI Cooper S Clubman - up to February 2010,39.2,168
5951,MINI,MINI Clubman R55,MINI Cooper S Clubman - from March 2010,47.9,137
5952,MINI,MINI Clubman R55,MINI Cooper S Clubman - from March 2010,44.1,150
5953,MINI,MINI Clubman R55,MINI John Cooper Works Clubman - from March 2010,39.2,167
5954,MINI,MINI Convertible R57,MINI One Convertible - from March 2010,49.6,133
5955,MINI,MINI Convertible R57,MINI One Convertible - from March 2010,42.8,154
5956,MINI,MINI Convertible R57,MINI Cooper Convertible - from March 2010,49.6,133
5957,MINI,MINI Convertible R57,MINI Cooper Convertible - from March 2010,42.8,154
5958,MINI,MINI Convertible R57,MINI Cooper S Convertible - up to February 2010,42.8,153
5959,MINI,MINI Convertible R57,MINI Cooper S Convertible - up to February 2010,38.7,170
5960,MINI,MINI Convertible R57,MINI Cooper S Convertible - from March 2010,47.1,139
5961,MINI,MINI Convertible R57,MINI Cooper S Convertible - from March 2010,42.8,153
5962,MINI,MINI Convertible R57,MINI John Cooper Works Convertible - from March 2010,38.7,169
5963,NISSAN,Pixo,1.0,64.3,103
5964,NISSAN,Pixo,1.0,54.3,122
5965,NISSAN,Cube,1.6,42.8,151
5966,NISSAN,Cube,1.6,40.4,159
5967,NISSAN,370Z,3.7 V6 Coupé,26.9,245
5968,NISSAN,370Z,3.7 V6 Coupé,26.6,248
5969,NISSAN,370Z,3.7 V6 Roadster,25.9,254
5970,NISSAN,370Z,3.7 V6 Roadster,25.2,262
5971,NISSAN,GTR,2 Door Coupé,22.6,295
5972,PEUGEOT,207,1.4 (75 bhp),44.1,147
5973,PEUGEOT,207,1.6 VTi (120 bhp),46.3,141
5974,PEUGEOT,207,1.6 VTi (120 bhp),40.9,160
5975,PEUGEOT,207 Coupé Cabriolet,1.6 VTi (120 bhp),43.4,150
5976,PEUGEOT,207 SW,1.6 VTi (120 bhp),45.5,143
5977,PEUGEOT,308 Coupé Cabriolet,2.0 HDi FAP (140 bhp),47.8,155
5978,PEUGEOT,308 Coupé Cabriolet,1.6 VTi (120 bhp),39.7,164
5979,PEUGEOT,308 Coupé Cabriolet,1.6 HDi FAP (115 bhp),53.2,138
5980,PEUGEOT,308 Coupé Cabriolet,1.6 VTi (120 bhp) Energy Saver Tyres,40.9,159
5981,PEUGEOT,308 Coupé Cabriolet,2.0 HDi FAP (140 bhp),41.5,178
5982,PEUGEOT,3008,1.6 THP (120 bhp),38.7,168
5983,PEUGEOT,3008,1.6 THP (120 bhp) ENERGY SAVER TYRES,39.7,165
5984,PEUGEOT,3008,1.6 THP (150 bhp),37.1,179
5985,PEUGEOT,3008,1.6 THP (150 bhp) ENERGY SAVER TYRES,38.1,176
5986,PEUGEOT,3008,1.6 HDi FAP (110 bhp),53.2,140
5987,PEUGEOT,3008,1.6 HDi FAP (110 bhp) ENERGY SAVER TYRES,55.3,137
5988,PEUGEOT,3008,1.6 HDi FAP (110 bhp),55.3,135
5989,PEUGEOT,3008,1.6 HDi FAP (110 bhp) ENERGY SAVER TYRES,57.6,130
5990,PEUGEOT,3008,2.0 HDi FAP (150 bhp),49.5,149
5991,PEUGEOT,3008,2.0 HDi FAP (150 bhp) ENERGY SAVER TYRES,50.4,146
5992,PEUGEOT,3008,2.0 HDi FAP (155 bhp),38.7,169
5993,PEUGEOT,3008,2.0 HDi FAP (155 bhp) ENERGY SAVER TYRES,39.7,167
5994,PEUGEOT,3008,2.0 HDi FAP (163 bhp),42.1,176
5995,PEUGEOT,3008,2.0 HDi FAP (163 bhp) ENERGY SAVER TYRES,42.8,173
5996,PEUGEOT,407 Saloon,2.0 HDi FAP (140 bhp),49.5,150
5997,PEUGEOT,407 Saloon,2.0 HDi FAP (163 bhp),41.5,179
5998,PEUGEOT,407 SW,2.0 HDi FAP (140 bhp),49.5,150
5999,PEUGEOT,407 SW,2.0 HDi FAP (163 bhp),41.5,179
6000,PEUGEOT,407 Coupé,2.0 HDi FAP (163 bhp),52.3,140
6001,PEUGEOT,Partner Tepee,1.6 (120 bhp),38.7,169
6002,PORSCHE,Boxster,2.9,30.0,221
6003,PORSCHE,Boxster,2.9 PDK,31.0,214
6004,PORSCHE,Boxster S,3.4,29.7,223
6005,PORSCHE,Boxster S,3.4 PDK,30.1,221
6006,PORSCHE,Boxster Spyder,3.4 Manual,29.1,221
6007,PORSCHE,Boxster Spyder,3.4 PDK,30.4,218
6008,PORSCHE,911,Carrera Coupé Gen II 6-Speed,29.4,225
6009,PORSCHE,911,Carrera Coupé Gen II PDK,29.4,225
6010,PORSCHE,911,Carrera Cabriolet Gen II PDK,28.5,233
6011,PORSCHE,911,Carrera S Coupé Gen II 6-Speed,27.4,242
6012,PORSCHE,911,Carrera S Cabriolet Gen II 6 Speed,27.4,242
6013,PORSCHE,911,Carrera S Cabriolet Gen II PDK,27.4,242
6014,PORSCHE,911,Carrera Cabriolet Gen II 6-Speed,28.5,233
6015,PORSCHE,911,Carrera S Coupé Gen II PDK,27.7,240
6016,PORSCHE,911,Carrera 4 Gen II Coupé 6-Speed,28.0,237
6017,PORSCHE,911,Carrera 4 Gen II Coupé PDK,28.0,237
6018,PORSCHE,911,Carrera 4 Gen II Cabriolet 6-Speed,27.4,242
6019,PORSCHE,911,Carrera 4 Gen II Cabriolet PDK,27.4,242
6020,PORSCHE,911,Carrera 4S Gen II Coupé 6-Speed,26.9,247
6021,PORSCHE,911,Carrera 4S Gen II Coupé PDK,26.9,247
6022,PORSCHE,911,Carrera 4S Gen II Cabriolet 6-Speed,26.4,251
6023,PORSCHE,911,Carrera 4S Gen II Cabriolet PDK,26.4,251
6024,PORSCHE,911,Targa 4 Gen II 6-Speed,28.0,237
6025,PORSCHE,911,Targa 4 Gen II PDK,27.4,242
6026,PORSCHE,911,Targa 4S Gen II 6-Speed,26.9,247
6027,PORSCHE,911,Targa 4S Gen II PDK,26.4,251
6028,PORSCHE,911,Turbo Gen II,24.4,272
6029,PORSCHE,911,Turbo Gen II PDK,24.8,268
6030,PORSCHE,911,Turbo Cabriolet Gen II,24.1,275
6031,PORSCHE,911,Turbo Cabriolet Gen II PDK,24.6,270
6032,PORSCHE,911,911 Sports Classic,26.6,242
6033,PORSCHE,911,911 GT3 RS,21.4,309
6034,PORSCHE,Cayman,2.9,30.1,221
6035,PORSCHE,Cayman,2.9 PDK,31.0,214
6036,PORSCHE,Cayman S,Sport Edition 6-Speed,26.6,254
6037,PORSCHE,Cayman S,Sport Edition Tiptronic S,25.7,262
6038,PORSCHE,Cayman S,3.4,29.7,223
6039,PORSCHE,Cayman S,3.4 PDK,30.1,221
6040,PORSCHE,Panamera,S 6-speed,22.6,293
6041,PORSCHE,Panamera,S PDK,26.2,253
6042,PORSCHE,Panamera,4S PDK,25.4,260
6043,PORSCHE,Panamera,Turbo PDK,23.2,286
6044,RENAULT,Clio,1.2 TCE 100,51.4,129
6045,RENAULT,Mégane Sport Tourer,dCi 150,42.8,175
6046,RENAULT,Mégane Sport Tourer,dCi 160,47.9,155
6047,RENAULT,Mégane Sport Tourer,TCe 1.4 130,42.8,153
6048,RENAULT,Mégane Renault Sport,250,33.6,195
6049,RENAULT,New Mégane Hatchback,TCe 1.4 130,42.8,153
6050,RENAULT,New Mégane Coupé,TCe 1.4 130,42.8,153
6051,RENAULT,Laguna Hatchback,2.0 dCi 150 FAP,41.5,180
6052,RENAULT,Laguna Hatchback,2.0 dCi 180 FAP,45.6,163
6053,RENAULT,Laguna Sport Tourer,2.0 dCi 150 FAP,40.9,182
6054,RENAULT,Laguna Sport Tourer,2.0 dCi 180 FAP,44.8,165
6055,RENAULT,Scénic,2.0 dCi 150,40.4,184
6056,RENAULT,Scénic,2.0dCi 160,42.8,173
6057,RENAULT,Scénic,dCi 150 FAP,40.4,184
6058,RENAULT,Grand Scénic,2.0 dCi 150,40.1,184
6059,RENAULT,Grand Scénic,2.0 dCi 160,42.8,173
6060,RENAULT,Grand Scénic,dCi 150FAP,40.4,184
6061,ROLLS-ROYCE,Ghost,Ghost,20.8,317
6062,SEAT,Ibiza 5 door,1.6 CR TDI 105PS,65.7,112
6063,SEAT,Ibiza Coupé,1.6 CR TDI 105PS,65.7,112
6064,SEAT,Leon,2.0 CR TDI (170 PS) FR,53.3,139
6065,SEAT,Exeo,2.0 TFSI 200PS,36.7,179
6066,SEAT,Exeo,2.0 TDI 170PS,47.9,153
6067,SEAT,Exeo,2.0 TDI 143PS,51.4,143
6068,SKODA,New Octavia Hatchback,1.6 TDI 105PS Greenline,64.2,114
6069,SKODA,New Octavia Hatchback,1.6 TDI 105PS,62.8,119
6070,SKODA,New Octavia Estate,1.6 TDI 105PS Greenline,64.2,114
6071,SKODA,New Octavia Estate,1.6 TDI 105PS,62.8,119
6072,SKODA,YETI,1.2 105PS,42.8,154
6073,SKODA,YETI,1.2 105PS GreenLine,44.1,149
6074,SKODA,YETI,1.8 TFSI 160PS 4x4,35.3,189
6075,SKODA,YETI,2.0 CR TDI 140PS 4x4,46.3,159
6076,SKODA,YETI,2.0 CR TDI 170PS 4x4,46.3,159
6077,SKODA,YETI,2.0 CR TDI 110PS,52.3,140
6078,SUBARU,Legacy Tourer AWD,2.0D S,46.3,161
6079,SUBARU,Legacy Tourer AWD,2.0D SE,44.1,168
6080,SUBARU,Legacy Tourer AWD,2.0D SE NavPlus,44.1,168
6081,SUBARU,Legacy Tourer AWD,2.5i SE Lineartronic,33.6,196
6082,SUBARU,Legacy Tourer AWD,2.5i SE NavPlus Lineartronic,33.6,196
6083,SUBARU,Outback AWD,2.0D SE,44.1,167
6084,SUBARU,Outback AWD,2.0D SE NavPlus,44.1,167
6085,SUBARU,Outback AWD,2.5i SE Lineartronic,33.6,194
6086,SUBARU,Outback AWD,2..5i SE NavPlus Lineartronic,33.6,194
6087,SUBARU,Outback AWD,3.6R,28.2,232
6088,SUZUKI,Alto,1.0 Hatchback 5 door from VIN MA3GFC31S00106000,64.2,103
6089,SUZUKI,Alto,1.0 Hatchback 5 door from VIN MA3GFC31S00106646,54.3,122
6090,SUZUKI,SX4,1.6 SZ3 from JSAGYA21S00313021,45.6,143
6091,SUZUKI,SX4,1.6 SZ4 from TSMEYA21S00477339,45.6,143
6092,TOYOTA,Auris,2.0 D-4-D 6-speed manual,54.3,138
6093,TOYOTA,Prius,T3,72.4,89
6094,TOYOTA,Prius,T4 1.8 VVT-i hybrid,70.6,92
6095,TOYOTA,Prius,T Spirit 1.8 VVT-i hybrid,70.6,92
6096,TOYOTA,Avensis,4 door T4 2.2 D-CAT 180,47.9,157
6097,TOYOTA,Avensis,4 door 2.2 Tspirit D-CAT 180,47.1,159
6098,TOYOTA,Avensis,2.2 D-4-D T4 Tourer 150,50.4,150
6099,TOYOTA,Avensis,2.2 D-4-D TR Tourer 150,50.4,150
6100,TOYOTA,Avensis,2.2 D-4-D Tspirit Tourer 150 6-speed manual,50.4,152
6101,TOYOTA,Avensis,TR 4 door 2.2 D-4-D 150 6-speed manual,51.4,147
6102,TOYOTA,Avensis,T4 4 door 2.2 D-4-D 150 6-speed manual,51.4,147
6103,TOYOTA,Avensis,TR Tourer 2.2 D-4-D 150 6-speed manual,50.4,150
6104,TOYOTA,Avensis,T4 Tourer 2.2 D-4-D 150 6-speed manual,50.4,150
6105,TOYOTA,Avensis,Tspirit 4 door 2.2 D-CAT 180 6-speed manual,47.1,159
6106,TOYOTA,Avensis,T4 Tourer 2.2 D-CAT 180 6-speed manual,47.1,160
6107,TOYOTA,Avensis,T4 4 door 2.2 D-CAT 180 6-speed manual,47.9,157
6108,TOYOTA,Avensis,4 door 2.2 D-CAT 150 6-speed Auto,44.1,169
6109,TOYOTA,Avensis,Tourer 2.2 D-CAT 150 6-speed Auto,42.8,174
6110,TOYOTA,RAV4,SR 2.2 D-CAT 150 6-speed Auto,39.2,189
6111,VAUXHALL,Astra 5 Door Hatchback,1.4i 16v VVT (87PS) with 16/17 inch wheel,51.4,129
6112,VAUXHALL,Astra 5 Door Hatchback,1.4i 16v VVT (100PS) with 16/17 inch wheel,51.4,129
6113,VAUXHALL,Astra 5 Door Hatchback,1.4i 16v Turbo (140PS) with 16/17/18 inch wheel,47.9,138
6114,VAUXHALL,Astra 5 Door Hatchback,1.6i 16v VVT (115PS) with 16/17/18 inch wheel,44.8,147
6115,VAUXHALL,Astra 5 Door Hatchback,1.6i 16v VVT (115PS) with 16/17/18 inch wheel,39.8,167
6116,VAUXHALL,Astra 5 Door Hatchback,1.6i 16v VVT (115PS) with 19 inch wheel,44.1,149
6117,VAUXHALL,Astra 5 Door Hatchback,1.6i 16v VVT (115PS) with 19 inch wheel,39.2,169
6118,VAUXHALL,Astra 5 Door Hatchback,1.6i 16v Turbo (180PS) with 16/17 inch wheel,41.5,159
6119,VAUXHALL,Astra 5 Door Hatchback,1.6i 16v Turbo (180PS) with 18/19 inch wheel,41.5,160
6120,VAUXHALL,Astra 5 Door Hatchback,1.7CDTi 16v (110PS) with 16/17 inch wheel,60.1,124
6121,VAUXHALL,Astra 5 Door Hatchback,1.7CDTi 16v (110PS) with 18/19 inch wheel,60.1,125
6122,VAUXHALL,Astra 5 Door Hatchback,1.7CDTi 16v (125PS) with 16/17 inch wheel,60.1,124
6123,VAUXHALL,Astra 5 Door Hatchback,1.7CDTi 16v (125PS) with 18/19 inch wheel,60.1,125
6124,VAUXHALL,Astra 5 Door Hatchback,2.0CDTi 16v (160PS) with 16/17 inch wheel,58.9,126
6125,VAUXHALL,Astra 5 Door Hatchback,2.0CDTi 16v (160PS) with 16/17 inch wheel,48.7,154
6126,VAUXHALL,Astra 5 Door Hatchback,2.0CDTi 16v (160PS) with 18/19 inch wheel,58.9,127
6127,VAUXHALL,Astra 5 Door Hatchback,2.0CDTi 16v (160PS) with 18/19 inch wheel,47.9,155
6128,VAUXHALL,Corsa 3 Door Hatchback,1.7CDTi 16v 125PS,58.9,130
6129,VAUXHALL,Corsa 3 Door Hatchback,1.0i 12v,56.5,117
6130,VAUXHALL,Corsa 3 Door Hatchback,1.4i 16v 100PS,51.4,129
6131,VAUXHALL,Corsa 3 Door Hatchback,1.4i 16v,49.6,134
6132,VAUXHALL,Corsa 3 Door Hatchback,1.2i 16v 85PS,53.3,124
6133,VAUXHALL,Corsa 3 Door Hatchback,1.2i 16v,55.4,119
6134,VAUXHALL,Corsa 3 Door Hatchback,1.6i 16v Turbo,38.7,172
6135,VAUXHALL,Corsa 5 Door Hatchback,1.7CDTi 16v 125PS,57.6,132
6136,VAUXHALL,Corsa 5 Door Hatchback,1.0i 12v,56.5,117
6137,VAUXHALL,Corsa 5 Door Hatchback,1.2i 16v 85PS,53.3,124
6138,VAUXHALL,Corsa 5 Door Hatchback,1.2i 16v,55.4,119
6139,VAUXHALL,Corsa 5 Door Hatchback,1.4i 16v 100PS,51.4,129
6140,VAUXHALL,Corsa 5 Door Hatchback,1.4i 16v,47.9,138
6141,VAUXHALL,Insignia 4 Door Saloon,1.6i 16v VVT (115PS),37.2,179
6142,VAUXHALL,Insignia 4 Door Saloon,1.8i 16v VVT (140PS),36.2,184
6143,VAUXHALL,Insignia 4 Door Saloon,2.0i 16v Turbo (220PS),31.7,208
6144,VAUXHALL,Insignia 4 Door Saloon,2.0i 16v Turbo (220PS),29.4,225
6145,VAUXHALL,Insignia 4 Door Saloon,2.0i 16v Turbo (220PS) 4x4,30.7,215
6146,VAUXHALL,Insignia 4 Door Saloon,2.0i 16v Turbo (220PS) 4x4,28.8,229
6147,VAUXHALL,Insignia 4 Door Saloon,2.8i V6 24v Turbo (260PS),25.9,256
6148,VAUXHALL,Insignia 4 Door Saloon,2.8i V6 24v Turbo (260PS),24.4,272
6149,VAUXHALL,Insignia 4 Door Saloon,2.0CDTi 16v (110PS),48.7,154
6150,VAUXHALL,Insignia 4 Door Saloon,2.0CDTi 16v (130PS),48.7,154
6151,VAUXHALL,Insignia 4 Door Saloon,2.0CDTi 16v (130PS),42.2,177
6152,VAUXHALL,Insignia 4 Door Saloon,2.0CDTi 16v (160PS),48.7,154
6153,VAUXHALL,Insignia 4 Door Saloon,2.0CDTi 16v (160PS),42.2,177
6154,VAUXHALL,Insignia 4 Door Saloon,VXR 2.8i 24v V6 Turbo 4X4,24.8,268
6155,VAUXHALL,Insignia 4 Door Saloon,1.8i 16v VVT,37.2,178
6156,VAUXHALL,Insignia 4 Door Saloon,2.0CDTi (160PS) EcoFLEX,54.3,136
6157,VAUXHALL,Insignia 4 Door Saloon,2.0CDTi (130PS),48.7,154
6158,VAUXHALL,Insignia 4 Door Saloon,2.0CDTi (160PS),48.7,154
6159,VAUXHALL,Insignia 4 Door Saloon,2.0CDTi (130PS),42.8,174
6160,VAUXHALL,Insignia 4 Door Saloon,2.0CDTi (160PS),42.8,174
6161,VAUXHALL,Insignia 4 Door Saloon,1.6i 16v Turbo,36.7,179
6162,VAUXHALL,Insignia 5 Door Hatchback,1.6i 16v VVT (115PS),37.2,179
6163,VAUXHALL,Insignia 5 Door Hatchback,1.8i 16v VVT (140PS),36.2,184
6164,VAUXHALL,Insignia 5 Door Hatchback,2.0i 16v Turbo SRI,32.1,208
6165,VAUXHALL,Insignia 5 Door Hatchback,2.0i 16v Turbo,29.1,228
6166,VAUXHALL,Insignia 5 Door Hatchback,2.0i 16v Turbo (220PS),31.7,209
6167,VAUXHALL,Insignia 5 Door Hatchback,2.0i 16v Turbo (220PS),29.4,225
6168,VAUXHALL,Insignia 5 Door Hatchback,2.0i 16v Turbo (220PS) 4x4,30.7,215
6169,VAUXHALL,Insignia 5 Door Hatchback,2.0i 16v Turbo (220PS) 4x4,28.8,229
6170,VAUXHALL,Insignia 5 Door Hatchback,2.8i V6 24v Turbo (260PS),25.9,256
6171,VAUXHALL,Insignia 5 Door Hatchback,2.8i V6 24v Turbo (260PS),24.4,272
6172,VAUXHALL,Insignia 5 Door Hatchback,2.0CDTi 16v (110PS),48.7,154
6173,VAUXHALL,Insignia 5 Door Hatchback,2.0CDTi 16v (130PS),48.7,154
6174,VAUXHALL,Insignia 5 Door Hatchback,2.0CDTi 16v (130PS),41.5,179
6175,VAUXHALL,Insignia 5 Door Hatchback,2.0CDTi 16v (160PS),48.7,154
6176,VAUXHALL,Insignia 5 Door Hatchback,2.0CDTi 16v (160PS),41.5,179
6177,VAUXHALL,Insignia 5 Door Hatchback,VXR 2.8i 24v V6 Turbo 4X4,24.8,268
6178,VAUXHALL,Insignia 5 Door Hatchback,1.8i 16v VVT,37.2,178
6179,VAUXHALL,Insignia 5 Door Hatchback,2.0CDTi (160PS),48.7,154
6180,VAUXHALL,Insignia 5 Door Hatchback,1.6i 16v Turbo,36.7,179
6181,VAUXHALL,Insignia 5 Door Hatchback,2.0CDTi (130PS),42.2,177
6182,VAUXHALL,Insignia 5 Door Hatchback,2.0CDTi (160PS),42.2,177
6183,VAUXHALL,Insignia 5 Door Hatchback,2.0CDTi (160PS) EcoFLEX,54.3,136
6184,VAUXHALL,Insignia 5 Door Hatchback,2.0CDTi (130PS),48.7,154
6185,VAUXHALL,Insignia 5 Door Sport Tourer,1.6i 16v Turbo,35.8,186
6186,VAUXHALL,Insignia 5 Door Sport Tourer,1.8i 16v VVT,35.8,187
6187,VAUXHALL,Insignia 5 Door Sport Tourer,2.0i 16v Turbo,31.7,209
6188,VAUXHALL,Insignia 5 Door Sport Tourer,2.0i 16v Turbo SE,28.5,233
6189,VAUXHALL,Insignia 5 Door Sport Tourer,2.0i 16v Turbo 4x4,30.4,219
6190,VAUXHALL,Insignia 5 Door Sport Tourer,2.8i V6 24v Turbo 260PS,24.8,268
6191,VAUXHALL,Insignia 5 Door Sport Tourer,2.8i V6 24v Turbo 260PS 4x4,23.9,277
6192,VAUXHALL,Insignia 5 Door Sport Tourer,2.0CDTi 130PS,47.1,159
6193,VAUXHALL,Insignia 5 Door Sport Tourer,2.0CDTi 130PS,40.9,182
6194,VAUXHALL,Insignia 5 Door Sport Tourer,2.0CDTi 160PS,47.1,159
6195,VAUXHALL,Insignia 5 Door Sport Tourer,2.0CDTi 160PS,40.9,182
6196,VAUXHALL,Insignia 5 Door Sport Tourer,VXR 2.8i 24v V6 Turbo 4X4,24.1,274
6197,VAUXHALL,Insignia 5 Door Sport Tourer,1.8i 1.6v VVT,36.2,183
6198,VAUXHALL,Insignia 5 Door Sport Tourer,2.0CDTi (160PS),47.1,159
6199,VAUXHALL,Insignia 5 Door Sport Tourer,2.0CDTi (160PS),41.5,179
6200,VAUXHALL,Insignia 5 Door Sport Tourer,2.0i 16v Turbo 4 x 4,30.4,219
6201,VAUXHALL,Insignia 5 Door Sport Tourer,2.0i 16v Turbo,29.1,228
6202,VAUXHALL,Insignia 5 Door Sport Tourer,2.0CDTi (130PS),41.5,179
6203,VAUXHALL,Insignia 5 Door Sport Tourer,2.0i 16v Turbo,31.7,209
6204,VAUXHALL,Insignia 5 Door Sport Tourer,2.0CDTi (160PS) EcoFLEX,53.3,139
6205,VAUXHALL,Insignia 5 Door Sport Tourer,2.0CDTi (130PS),47.1,159
6206,VAUXHALL,Insignia 5 Door Sport Tourer,2.0i 16v Turbo 4 x 4,28.5,233
6207,VAUXHALL,Insignia 5 Door Sport Tourer,1.6i 16v Turbo,35.8,186
6208,VOLKSWAGEN,New Polo,1.2 (60 PS) S,51.4,128
6209,VOLKSWAGEN,New Polo,1.2 (60 PS) SE,51.4,128
6210,VOLKSWAGEN,New Polo,1.2 (60 PS) Moda,51.4,128
6211,VOLKSWAGEN,New Polo,1.2 (70 PS) S,51.4,128
6212,VOLKSWAGEN,New Polo,1.2 (70 PS) SE,51.4,128
6213,VOLKSWAGEN,New Polo,1.2 (70 PS) Moda,51.4,128
6214,VOLKSWAGEN,New Polo,1.4 (85 PS) SE,47.9,139
6215,VOLKSWAGEN,New Polo,1.4 (85 PS) SEL,47.9,139
6216,VOLKSWAGEN,New Polo,1.4 (85 PS) with 7speed DSG SE,48.7,135
6217,VOLKSWAGEN,New Polo,1.4 (85 PS) with 7speed DSG SEL,48.7,135
6218,VOLKSWAGEN,New Polo,1.6 TDI (75 PS) SE,65.7,112
6219,VOLKSWAGEN,New Polo,1.6 TDI (75 PS) SEL,65.7,112
6220,VOLKSWAGEN,New Polo,1.6 TDI (90 PS) SE,65.7,112
6221,VOLKSWAGEN,New Polo,1.6 TDI (90 PS) SEL,65.7,112
6222,VOLKSWAGEN,New Golf,1.2 TSI 105PS S,49.6,134
6223,VOLKSWAGEN,New Golf,1.2 TSI 105PS 7speed DSG S,48.7,134
6224,VOLKSWAGEN,New Golf,1.4 (80 PS) SRE S,44.1,149
6225,VOLKSWAGEN,New Golf,1.4 (122 PS) TSI S,45.6,144
6226,VOLKSWAGEN,New Golf,1.4 (122 PS) TSI SE,45.6,144
6227,VOLKSWAGEN,New Golf,1.4 (122 PS) TSI 7speed DSG S,47.1,138
6228,VOLKSWAGEN,New Golf,1.4 (122 PS) TSI 7speed DSG SE,47.1,138
6229,VOLKSWAGEN,New Golf,1.4 (160 PS) TSI GT,44.8,145
6230,VOLKSWAGEN,New Golf,1.4 (160 PS) TSI 7speed DSG GT,47.1,139
6231,VOLKSWAGEN,New Golf,1.6 (102 PS) SRE S,39.8,166
6232,VOLKSWAGEN,New Golf,1.6 (102 PS) SRE 7speed DSG S,42.2,157
6233,VOLKSWAGEN,New Golf,2.0 TSI 210PS GTi,38.7,170
6234,VOLKSWAGEN,New Golf,2.0 TSI 210PS DSG GTi,38.2,173
6235,VOLKSWAGEN,New Golf,R 2.0 TSI 270PS 4MOTION,33.2,199
6236,VOLKSWAGEN,New Golf,R 2.0 TSI 270PS 4MOTION DSG,33.6,195
6237,VOLKSWAGEN,New Golf,1.6 TDI (90 PS) S,62.8,118
6238,VOLKSWAGEN,New Golf,1.6 TDI (105 PS) BlueMotion SE,74.3,99
6239,VOLKSWAGEN,New Golf,1.6 TDI 105PS with BlueMotion Technology SE,68.9,107
6240,VOLKSWAGEN,New Golf,1.6 TDI 105PS with BlueMotion Technology 7speed DSG SE,67.3,109
6241,VOLKSWAGEN,New Golf,1.6 TDI (105 PS) S,62.8,119
6242,VOLKSWAGEN,New Golf,1.6 TDI (105 PS) with 7speed DSG S,60.1,123
6243,VOLKSWAGEN,New Golf,1.6 TDI (105 PS) SE,62.8,119
6244,VOLKSWAGEN,New Golf,1.6 TDI (105 PS) with 7speed DSG SE,60.1,123
6245,VOLKSWAGEN,New Golf,2.0 (110 PS) TDI BlueMotion,62.8,119
6246,VOLKSWAGEN,New Golf,2.0 (110 PS) TDI S,57.6,128
6247,VOLKSWAGEN,New Golf,2.0 (110 PS) TDI SE,57.6,128
6248,VOLKSWAGEN,New Golf,2.0 (140 PS) TDI SE,58.9,126
6249,VOLKSWAGEN,New Golf,2.0 (140 PS) TDI GT,57.6,129
6250,VOLKSWAGEN,New Golf,2.0 (140 PS) TDI DSG SE,52.3,142
6251,VOLKSWAGEN,New Golf,2.0 (140 PS) TDI DSG GT,53.3,138
6252,VOLKSWAGEN,New Golf,2.0 CR TDI (170PS) GTD,53.3,139
6253,VOLKSWAGEN,New Golf,2.0 CR TDI (170PS) DSG GTD,50.4,147
6254,VOLKSWAGEN,Golf Plus,1.4 TSI (122 PS) Luna,43.5,152
6255,VOLKSWAGEN,Golf Plus,1.4 TSI (122 PS) 7 speed DSG,44.8,146
6256,VOLKSWAGEN,Golf Plus,1.4 TSI (160 PS) 7 speed DSG Sport,44.8,147
6257,VOLKSWAGEN,Golf Plus,2.0 TDI (140 PS) Sport,55.4,135
6258,VOLKSWAGEN,Golf Plus,2.0 TDI (140 PS) DSG Sport,50.4,146
6259,VOLKSWAGEN,New Golf Plus,1.6 TDI 105PS 7speed DSG S,57.6,129
6260,VOLKSWAGEN,New Golf Plus,1.4 80PS S,42.8,154
6261,VOLKSWAGEN,New Golf Plus,1.4 TSI 122PS S,43.5,152
6262,VOLKSWAGEN,New Golf Plus,1.4 TSI 122PS SE,43.5,152
6263,VOLKSWAGEN,New Golf Plus,1.4 TSI 122PS 7speed DSG S,44.8,146
6264,VOLKSWAGEN,New Golf Plus,1.4 TSI 122PS 7speed DSG SE,44.8,146
6265,VOLKSWAGEN,New Golf Plus,1.6 TDI 90PS S,60.1,125
6266,VOLKSWAGEN,New Golf Plus,1.6 TDI 105PS BlueMotion Technology,65.7,114
6267,VOLKSWAGEN,New Golf Plus,1.6 TDI 105PS BlueMotion Technology 7speed DSG S,64.2,115
6268,VOLKSWAGEN,New Golf Plus,1.6 TDI 105PS BlueMotion Technology 7speed DSG SE,64.2,115
6269,VOLKSWAGEN,New Golf Plus,1.6 TDI 105PS S,58.9,126
6270,VOLKSWAGEN,New Golf Plus,1.6 TDI 105PS SE,58.9,126
6271,VOLKSWAGEN,New Golf Plus,1.6 TDI 105PS 7speed DSG SE,57.6,129
6272,VOLKSWAGEN,New Golf Plus,2.0 TDI 110PS S,55.4,134
6273,VOLKSWAGEN,New Golf Plus,2.0 TDI 110PS SE,55.4,134
6274,VOLKSWAGEN,New Golf Plus,2.0 TDI 140PS SE,55.4,135
6275,VOLKSWAGEN,New Golf Plus,2.0 TDI 140PS DSG SE,50.4,146
6276,VOLKSWAGEN,New Golf Estate,1.2 TSI 122PS S,48.7,136
6277,VOLKSWAGEN,New Golf Estate,1.2 TSI 122PS 7speed DSG S,47.9,136
6278,VOLKSWAGEN,New Golf Estate,1.4 TSI 122PS SE,44.8,146
6279,VOLKSWAGEN,New Golf Estate,1.4 TSI 122PS with 7speed DSG SE,47.1,139
6280,VOLKSWAGEN,New Golf Estate,1.6 TDI 90PS S,62.8,119
6281,VOLKSWAGEN,New Golf Estate,1.6 TDI 105PS BlueMotion Technology,67.3,109
6282,VOLKSWAGEN,New Golf Estate,1.6 TDI 105PS BlueMotion Technology 7speed DSG S,65.7,113
6283,VOLKSWAGEN,New Golf Estate,1.6 TDI 105PS BlueMotion Technology 7speed DSG SE,65.7,113
6284,VOLKSWAGEN,New Golf Estate,1.6 TDI 105PS BlueMotion Technology 7speed DSG Sportline,65.7,113
6285,VOLKSWAGEN,New Golf Estate,1.6 TDI 105PS S,62.8,119
6286,VOLKSWAGEN,New Golf Estate,1.6 TDI 105PS with 7speed DSG S,58.9,125
6287,VOLKSWAGEN,New Golf Estate,1.6 TDI 105 PS SE,62.8,119
6288,VOLKSWAGEN,New Golf Estate,1.6 TDI 105 PS with 7speed DSG SE,58.9,125
6289,VOLKSWAGEN,New Golf Estate,1.6 TDI 105PS Sportline,62.8,119
6290,VOLKSWAGEN,New Golf Estate,1.6 TDI 105 PS with 7speed DSG Sportline,58.9,125
6291,VOLKSWAGEN,New Golf Estate,2.0 TDI 140PS SE,56.5,132
6292,VOLKSWAGEN,New Golf Estate,2.0 TDI 140PS with DSG SE,51.4,144
6293,VOLKSWAGEN,New Golf Estate,2.0 TDI 140PS Sportline,56.5,132
6294,VOLKSWAGEN,New Golf Estate,2.0 TDI 140PS with DSG Sportline,51.4,144
6295,VOLKSWAGEN,Passat Saloon,1.4 TSI (122 PS) S,42.2,155
6296,VOLKSWAGEN,Passat Saloon,1.8 TSI (160 PS) S,38.2,172
6297,VOLKSWAGEN,Passat Saloon,1.8 TSI 160PS 7speed DSG S,38.7,169
6298,VOLKSWAGEN,Passat Saloon,1.8 TSI 160PS 7speed DSG R Line,38.7,169
6299,VOLKSWAGEN,Passat Saloon,1.8 TSI 160PS 7speed DSG Highline,38.7,169
6300,VOLKSWAGEN,Passat Saloon,1.8 TSI 160PS 7speed DSG Highline Plus,38.7,169
6301,VOLKSWAGEN,Passat Saloon,R36 3.6 V6 FSI 300PS 4MOTION,28.8,227
6302,VOLKSWAGEN,Passat Saloon,1.6 CR TDI (105 PS) BlueMotion Technology,62.8,118
6303,VOLKSWAGEN,Passat Saloon,1.6 TDI 105PS BlueMotion,64.2,114
6304,VOLKSWAGEN,Passat Saloon,2.0 TDI 140PS BlueMotion Technology Highline,60.1,124
6305,VOLKSWAGEN,Passat Saloon,2.0 TDI 140PS BlueMotion Technology Highline Plus,60.1,124
6306,VOLKSWAGEN,Passat Saloon,2.0 CR TDI (110 PS) BlueMotion Technology,55.4,134
6307,VOLKSWAGEN,Passat Saloon,2.0 CR TDI (110 PS) with DPF S,51.4,143
6308,VOLKSWAGEN,Passat Saloon,2.0 CR TDI (110 PS) with DPF R Line,51.4,143
6309,VOLKSWAGEN,Passat Saloon,2.0 CR TDI (110 PS) with DPF Highline,51.4,143
6310,VOLKSWAGEN,Passat Saloon,2.0 TDI (140 PS) S,50.4,146
6311,VOLKSWAGEN,Passat Saloon,2.0 TDI (140 PS) DSG S,47.1,158
6312,VOLKSWAGEN,Passat Saloon,2.0 CR TDI (140 PS) S with DPF,50.4,146
6313,VOLKSWAGEN,Passat Saloon,2.0 CR TDI (140 PS) Highline with DPF,50.4,146
6314,VOLKSWAGEN,Passat Saloon,2.0 CR TDI (140 PS) R Line with DPF,50.4,146
6315,VOLKSWAGEN,Passat Saloon,2.0 CR TDI (140 PS) DSG S with DPF,47.1,158
6316,VOLKSWAGEN,Passat Saloon,2.0 CR TDI (140 PS) DSG Highline with DPF,47.1,158
6317,VOLKSWAGEN,Passat Saloon,2.0 CR TDI (140 PS) DSG R Line with DPF,47.1,158
6318,VOLKSWAGEN,Passat Saloon,2.0 TDI (170 PS) SEL with DPF,50.4,146
6319,VOLKSWAGEN,Passat Saloon,2.0 TDI (170 PS) DSG SEL with DPF,46.3,159
6320,VOLKSWAGEN,Passat Saloon,2.0 CR TDI 140PS 4MOTION Sport,47.1,158
6321,VOLKSWAGEN,Passat Saloon,2.0 CR TDI 170PS DSG Sport,46.3,159
6322,VOLKSWAGEN,Passat Saloon,2.0 CR TDI 170PS DSG SEL,46.3,159
6323,VOLKSWAGEN,Passat Saloon,2.0 CR TDI 170PS DSG Highline,46.3,159
6324,VOLKSWAGEN,Passat Saloon,2.0 CR TDI 170PS Sport,50.4,146
6325,VOLKSWAGEN,Passat Saloon,2.0 CR TDI 170PS SEL,50.4,146
6326,VOLKSWAGEN,Passat Saloon,2.0 CR TDI 170PS Highline,50.4,146
6327,VOLKSWAGEN,Passat Saloon,2.0 CR TDI (140 PS) Highline Plus with DPF,50.4,146
6328,VOLKSWAGEN,Passat Estate,1.4 TSI (122 PS) S,41.5,158
6329,VOLKSWAGEN,Passat Estate,1.8 TSI (160 PS) S,37.7,174
6330,VOLKSWAGEN,Passat Estate,3.2 V6 FSI (250 PS) DSG 4MOTION SEL,28.5,229
6331,VOLKSWAGEN,Passat Estate,1.6 CR TDI (105 PS) BlueMotion Technology,62.8,119
6332,VOLKSWAGEN,Passat Estate,1.6 TDI 105PS BlueMotion,64.2,114
6333,VOLKSWAGEN,Passat Estate,2.0 CR TDI (110 PS) BlueMotion Technology,55.4,134
6334,VOLKSWAGEN,Passat Estate,2.0 CR TDI (110 PS) with DPF Highline,50.4,146
6335,VOLKSWAGEN,Passat Estate,2.0 CR TDI (110 PS) with DPF S,50.4,146
6336,VOLKSWAGEN,Passat Estate,2.0 CR TDI (110 PS) with DPF R Line,50.4,146
6337,VOLKSWAGEN,Passat Estate,2.0 TDI (140 PS) S,49.6,148
6338,VOLKSWAGEN,Passat Estate,2.0 TDI (140 PS) DSG S,46.3,159
6339,VOLKSWAGEN,Passat Estate,2.0 CR TDI (140 PS) S with DPF,49.6,148
6340,VOLKSWAGEN,Passat Estate,2.0 CR TDI (140 PS) Highline with DPF,49.6,148
6341,VOLKSWAGEN,Passat Estate,2.0 CR TDI (140 PS) R Line with DPF,49.6,148
6342,VOLKSWAGEN,Passat Estate,2.0 CR TDI (140 PS) DSG S with DPF,46.3,159
6343,VOLKSWAGEN,Passat Estate,2.0 CR TDI (140 PS) DSG Highline with DPF,46.3,159
6344,VOLKSWAGEN,Passat Estate,2.0 CR TDI (140 PS) DSG R Line with DPF,46.3,159
6345,VOLKSWAGEN,Passat Estate,2.0 CR TDI (170 PS) Sport with DPF,49.6,149
6346,VOLKSWAGEN,Passat Estate,2.0 TDI CR (170 PS) DSG Sport with DPF,45.6,163
6347,VOLKSWAGEN,Passat Estate,2.0 CR TDI 140PS 4MOTION Sport,46.3,159
6348,VOLKSWAGEN,Passat Estate,2.0 CR TDI 170PS Sport,49.6,149
6349,VOLKSWAGEN,Passat Estate,2.0 CR TDI 170PS DSG Sport,45.6,163
6350,VOLKSWAGEN,Passat Estate,2.0 CR TDI 170PS DSG Highline,45.6,163
6351,VOLKSWAGEN,Passat Estate,2.0 CR TDI 170PS SEL,49.6,149
6352,VOLKSWAGEN,Passat Estate,2.0 CR TDI 170PS Highline,49.6,149
6353,VOLKSWAGEN,Passat Estate,2.0 CR TDI 170PS DSG SEL,45.6,163
6354,VOLKSWAGEN,Passat Estate,2.0 CR TDI 140PS BlueMotion Technology,58.9,127
6355,VOLKSWAGEN,Passat Estate,2.0 CR TDI (140 PS) Highline Plus with DPF,49.6,148
6356,VOLKSWAGEN,Passat CC,1.8 TSI (160 PS),38.2,172
6357,VOLKSWAGEN,Passat CC,1.8 TSI (160 PS) DSG 7 speed,38.7,169
6358,VOLKSWAGEN,Passat CC,2.0 TSI (200 PS) GT,35.8,183
6359,VOLKSWAGEN,Passat CC,3.6 V6 (300 PS) DSG GT,29.7,219
6360,VOLKSWAGEN,Passat CC,2.0 TDI CR (140 PS) with DPF,50.4,146
6361,VOLKSWAGEN,Passat CC,2.0 TDI CR (140 PS) DSG with DPF,47.1,158
6362,VOLKSWAGEN,Passat CC,2.0 CR TDI (140 PS) with DPF,50.4,146
6363,VOLKSWAGEN,Passat CC,2.0 CR TDI (140 PS) GT with DPF,50.4,146
6364,VOLKSWAGEN,Passat CC,2.0 CR TDI (140 PS) DSG with DPF,47.1,158
6365,VOLKSWAGEN,Passat CC,2.0 CR TDI (140 PS) DSG GT with DPF,47.1,158
6366,VOLKSWAGEN,Passat CC,2.0 TDI CR (170 PS) GT with DPF,50.4,146
6367,VOLKSWAGEN,Passat CC,2.0 TDI CR (170 PS) DSG GT with DPF,46.3,159
6368,VOLKSWAGEN,Passat CC,2.0 CR TDI 140PS,50.4,146
6369,VOLKSWAGEN,Passat CC,2.0 CR TDI 170PS DSG GT,46.3,159
6370,VOLKSWAGEN,Passat CC,2.0 CR TDI 170PS GT,50.4,146
6371,VOLKSWAGEN,Passat CC,2.0 CR TDI 140PS DSG,47.1,158
6372,VOLKSWAGEN,Passat CC,2.0 CR TDI 140PS GT,50.4,146
6373,VOLKSWAGEN,Passat CC,2.0 CR TDI 140PS DSG GT,47.1,158
6374,VOLKSWAGEN,Scirocco,1.4 TSI (160 PS) Basis,42.8,154
6375,VOLKSWAGEN,Scirocco,1.4 TSI (160 PS) 7speed DSG Basis,44.8,147
6376,VOLKSWAGEN,Scirocco,2.0 TSI 210PS GT,38.2,172
6377,VOLKSWAGEN,Scirocco,2.0 TSI 210PS DSG GT,37.7,174
6378,VOLKSWAGEN,Scirocco,R 2.0 TSI 265PS,34.9,189
6379,VOLKSWAGEN,Scirocco,R 2.0 TSI 265PS DSG,35.3,187
6380,VOLKSWAGEN,Scirocco,2.0 CR TDI (140 PS) Basis,55.4,134
6381,VOLKSWAGEN,Scirocco,2.0 CR TDI (140 PS) GT,55.4,134
6382,VOLKSWAGEN,Scirocco,2.0 CR TDI (140 PS) DSG Basis,51.4,145
6383,VOLKSWAGEN,Scirocco,2.0 CR TDI (140 PS) DSG GT,51.4,145
6384,VOLKSWAGEN,Scirocco,2.0 CR TDI (170 PS) GT,53.3,139
6385,VOLKSWAGEN,Scirocco,2.0 CR TDI (170 PS) with DSG GT,50.4,147
6386,VOLKSWAGEN,Tiguan,1.4 TSI (150 PS) S,38.2,171
6387,VOLKSWAGEN,Tiguan,1.4 TSI 150PS S,38.2,171
6388,VOLKSWAGEN,Tiguan,1.4 TSI 150PS SE,38.2,171
6389,VOLKSWAGEN,Tiguan,1.4 TSI 150PS 4MOTION S,35.3,185
6390,VOLKSWAGEN,Tiguan,1.4 TSI 150PS 4MOTION SE,35.3,185
6391,VOLKSWAGEN,Tiguan,1.4 TSI 150PS BlueMotion Technology S,42.2,156
6392,VOLKSWAGEN,Tiguan,1.4 TSI 150PS BlueMotion Technology SE,42.2,156
6393,VOLKSWAGEN,Tiguan,2.0 TSI (170 PS) SE,33.2,199
6394,VOLKSWAGEN,Tiguan,2.0 TSI (200 PS) Sport 4WD,33.2,199
6395,VOLKSWAGEN,Tiguan,2.0 TDI CR (140 PS) Tiptronic S 4WD with DPF,39.8,186
6396,VOLKSWAGEN,Tiguan,2.0 CR TDI 140PS BlueMotion Technology S,53.3,139
6397,VOLKSWAGEN,Tiguan,2.0 CR TDI 170PS 4MOTION SE,42.8,172
6398,VOLKSWAGEN,Tiguan,2.0 CR TDI 140PS BlueMotion Technology SE,53.3,139
6399,VOLKSWAGEN,Tiguan,2.0 CR TDI 170PS 4MOTION Sport,42.8,172
6400,VOLKSWAGEN,Tiguan,2.0 CR TDI 170PS 4MOTION R Line,42.8,172
6401,VOLKSWAGEN,Eos,1.4 TSI (122 PS) S,42.8,152
6402,VOLKSWAGEN,Eos,1.4 TSI (160 PS) SE,41.5,159
6403,VOLKSWAGEN,Eos,2.0 TSI (200 PS) Individual,36.7,178
6404,VOLKSWAGEN,Eos,2.0 TSI (200 PS) DSG Individual,36.7,178
6405,VOLKSWAGEN,Eos,2.0 TSI 210PS Sport,39.2,167
6406,VOLKSWAGEN,Eos,2.0 TSI 210PS DSG Sport,36.7,178
6407,VOLKSWAGEN,Eos,2.0 TSI 210PS Individual,39.2,167
6408,VOLKSWAGEN,Eos,2.0 TSI 210PS DSG Individual,36.7,178
6409,VOLKSWAGEN,Eos,3.2 V6 FSI (250 PS) DSG Individual,30.7,214
6410,VOLKSWAGEN,Eos,2.0 TDI CR (140 PS) S with DPF,51.4,144
6411,VOLKSWAGEN,Eos,2.0 TDI CR (140 PS) DSG S with DPF,47.9,154
6412,VOLKSWAGEN,Eos,2.0 CR TDI 140PS DSG S with DPF,46.3,159
6413,VOLKSWAGEN,Eos,2.0 CR TDI 140PS DSG Sport with DPF,46.3,159
6414,VOLKSWAGEN,Eos,2.0 CR TDI 140PS DSG Individual with DPF,46.3,159
6415,VOLKSWAGEN,Eos,2.0 CR TDI 140PS DSG SE with DPF,46.3,159
6416,VOLKSWAGEN,Touran,1.4 TSI 140PS SE,39.2,166
6417,VOLKSWAGEN,Touran,1.4 TSI (140 PS) MATCH,39.2,166
6418,VOLKSWAGEN,Touran,1.4 TSI (140 PS) DSG MATCH,40.9,159
6419,VOLKSWAGEN,Phaeton,6.0 W12 (450 PS) 4MOTION Tiptronic LWB,19.5,348
6420,VOLKSWAGEN,Phaeton,3.0 V6 TDI (240 PS) 4MOTION Tiptronic with DPF SWB,31.4,239
6421,VOLKSWAGEN,New T5 Shuttle,2.0 TDI 102 PS LWB S,38.7,193
6422,VOLKSWAGEN,New T5 Shuttle,2.0 TDI 85PS SWB S,38.7,193
6423,VOLKSWAGEN,New T5 Shuttle,2.0 TDI 85PS LWB S,38.7,193
6424,VOLKSWAGEN,New T5 Shuttle,2.0 TDI 102PS SWB S,38.7,193
6425,VOLKSWAGEN,New T5 Shuttle,2.0 TDI 140PS SWB S,37.7,198
6426,VOLKSWAGEN,New T5 Shuttle,2.0 TDI 140PS LWB S,37.7,198
6427,VOLKSWAGEN,New T5 Shuttle,2.0 TDI 140PS 7speed DSG SWB S,35.3,211
6428,VOLKSWAGEN,New T5 Shuttle,2.0 TDI 140PS 7speed DSG LWB S,35.3,211
6429,VOLKSWAGEN,New T5 Shuttle,2.0 TDI 180PS SWB SE,37.7,197
6430,VOLKSWAGEN,New T5 Shuttle,2.0 TDI 180PS LWB SE,37.2,199
6431,VOLKSWAGEN,New T5 Shuttle,2.0 TDI 102PS SWB SE,38.7,193
6432,VOLKSWAGEN,New T5 Shuttle,2.0 TDI 140PS 7speed DSG SWB SE,25.3,211
6433,VOLKSWAGEN,New T5 Shuttle,2.0 TDI 140PS 7speed DSG LWB SE,35.3,211
6434,VOLKSWAGEN,New T5 Shuttle,2.0 TDI 102PS LWB SE,38.7,193
6435,VOLKSWAGEN,New T5 Shuttle,2.0 TDI 140PS SWB SE,37.7,198
6436,VOLKSWAGEN,New T5 Shuttle,2.0 TDI 140PS LWB SE,37.7,198
6437,VOLKSWAGEN,New VW Caravelle,2.0 TDI 140PS SWB SE,36.7,203
6438,VOLKSWAGEN,New VW Caravelle,2.0 TDI 140PS LWB SE,36.7,203
6439,VOLKSWAGEN,New VW Caravelle,2.0 TDI 140PS 7speed DSG SWB SE,34.4,216
6440,VOLKSWAGEN,New VW Caravelle,2.0 TDI 180PS 7speed DSG SWB SE,35.8,208
6441,VOLKSWAGEN,New VW Caravelle,2.0 TDI 180PS LWB SE,17.2,199
6442,VOLKSWAGEN,New VW Caravelle,2.0 TDI 180PS 7speed DSG LWB SE,35.8,208
6443,VOLKSWAGEN,New VW Caravelle,2.0 TDI 180PS 4MOTION SWB SE,32.1,232
6444,VOLKSWAGEN,New VW Caravelle,2.0 TDI 140PS 7speed DSG LWB SE,34.4,216
6445,VOLKSWAGEN,New VW Caravelle,2.0 TDI 180PS SWB SE,37.2,199
6446,VOLKSWAGEN,New VW Caravelle,2.0 TDI 140PS SWB Executive,36.7,203
6447,VOLKSWAGEN,New VW Caravelle,2.0 TDI 180PS 7speed DSG SWB Executive,35.8,208
6448,VOLKSWAGEN,New VW Caravelle,2.0 TDI 180PS 7speed DSG LWB Executive,35.8,208
6449,VOLKSWAGEN,New VW Caravelle,2.0 TDI 180PS 4MOTION SWB Executive,32.1,232
6450,VOLKSWAGEN,New VW Caravelle,2.0 TDI 140PS 7speed DSG SWB Executive,34.4,216
6451,VOLKSWAGEN,New VW Caravelle,2.0 TDI 140PS 7speed DSG LWB Executive,34.4,216
6452,VOLKSWAGEN,New VW Caravelle,2.0 TDI 180PS LWB Executive,17.2,199
6453,VOLKSWAGEN,New VW Caravelle,2.0 TDI 140PS LWB Executive,36.7,203
6454,VOLKSWAGEN,New VW Caravelle,2.0 TDI 180PS SWB Executive,37.2,199
6455,VOLKSWAGEN,New VW Caravelle,2.0 TDI 180PS SWB Executive,37.2,199
6456,VOLKSWAGEN,New T5 California Beach,2.0 TDI 102PS SWB Beach,37.7,198
6457,VOLKSWAGEN,New T5 California Beach,2.0 TDI 140PS SWB Beach,36.7,203
6458,VOLKSWAGEN,New T5 California Beach,2.0 TDI 180PS SWB SE,37.2,199
6459,VOLKSWAGEN,New T5 California Beach,2.0 TDI 180PS 7speed DSG SWB SE,35.8,208
6460,VOLKSWAGEN,New T5 California Beach,2.0 TDI 180PS 4MOTION SWB SE,32.1,232
6461,VOLKSWAGEN,New T5 California Beach,2.0 TDI 140PS SWB SE,36.7,203
6462,VOLKSWAGEN,T5 Window Van,T32 2.0 TDI 102PS SWB,38.7,193
6463,VOLKSWAGEN,T5 Window Van,T30 2.0 TDI 140PS LWB,37.7,214
6464,VOLKSWAGEN,T5 Window Van,T30 2.0 TDI 140PS 7spd DSG LWB,35.3,211
6465,VOLKSWAGEN,T5 Window Van,T30 2.0 TDI 140PS 4MOTION LWB,32.8,226
6466,VOLKSWAGEN,T5 Window Van,T32 2.0 TDI 140PS LWB,37.7,214
6467,VOLKSWAGEN,T5 Window Van,T32 2.0 TDI 180PS LWB,37.7,197
6468,VOLKSWAGEN,T5 Window Van,T30 2.0 TDI 140PS SWB,37.7,214
6469,VOLKSWAGEN,T5 Window Van,T32 2.0 TDI 140PS 7spd DSG SWB,35.3,211
6470,VOLKSWAGEN,T5 Window Van,T32 2.0 TDI 102PS LWB,38.7,193
6471,VOLKSWAGEN,T5 Window Van,T30 2.0 TDI 84PS SWB,38.7,193
6472,VOLKSWAGEN,T5 Window Van,T30 2.0 TDI 140PS SWB,37.7,214
6473,VOLKSWAGEN,T5 Window Van,T30 2.0 TDI 140PS 7spd DSG SWB,35.3,211
6474,VOLKSWAGEN,T5 Window Van,T30 2.0 TDI 140PS 4MOTION SWB,32.8,226
6475,VOLKSWAGEN,T5 Window Van,T30 2.0 TDI 180PS SWB,37.7,197
6476,VOLKSWAGEN,T5 Kombi,T30 2.0 TDI 140PS SWB,37.7,214
6477,VOLKSWAGEN,T5 Kombi,T32 2.0 TDI 140PS LWB,37.7,214
6478,VOLKSWAGEN,T5 Kombi,T32 2.0 TDI 140PS LWB,37.7,214
6479,VOLKSWAGEN,T5 Kombi,T32 2.0 TDI 140PS SWB,37.7,214
6480,VOLKSWAGEN,T5 Kombi,T32 2.0 TDI 102PS LWB,38.7,193
6481,VOLKSWAGEN,T5 Kombi,T32 2.0 TDI 180PS LWB,37.7,197
6482,VOLKSWAGEN,T5 Kombi,T30 2.0 TDI 84PS SWB,38.7,193
6483,VOLKSWAGEN C.V.,New T5 Transporter,T26 2.0 TDI 84PS ( Normal Roof SWB ),37.7,198
6484,VOLKSWAGEN C.V.,New T5 Transporter,T28 2.0 TDI 84PS ( Normal Roof SWB ),37.7,198
6485,VOLKSWAGEN C.V.,New T5 Transporter,T30 2.0 TDI 84PS (Normal Roof SWB),37.7,198
6486,VOLKSWAGEN C.V.,New T5 Transporter,T30 2.0 TDI 84PS (Normal Roof LWB),37.7,198
6487,VOLKSWAGEN C.V.,New T5 Transporter,T32 102PS Normal Roof SWB,37.7,198
6488,VOLKSWAGEN C.V.,New T5 Transporter,T30 2.0 TDI 102PS - Normal Roof LWB,37.7,198
6489,VOLKSWAGEN C.V.,New T5 Transporter,T32 2.0 TDI 140PS 7spd DSG Normal Roof SWB,34.4,216
6490,VOLKSWAGEN C.V.,New T5 Transporter,T32 2.0 TDI 140PS Normal Roof LWB,36.7,203
6491,VOLKSWAGEN C.V.,New T5 Transporter,T32 2.0 TDI 140PS Normal Roof SWB,36.7,203
6492,VOLKSWAGEN C.V.,New T5 Transporter,T30 2.0 TDI 140PS Normal Roof SWB,36.7,203
6493,VOLKSWAGEN C.V.,New T5 Transporter,T30 2.0 TDI 140PS 4MOTION - Normal Roof SWB,34.0,219
6494,VOLKSWAGEN C.V.,New T5 Transporter,T30 2.0 TDI 140PS 4MOTION - Normal Roof LWB,34.4,216
6495,VOLKSWAGEN C.V.,New T5 Transporter,T28 2.0 BiTDI 180PS Normal Roof SWB,36.2,205
6496,VOLKSWAGEN C.V.,New T5 Transporter,T30 2.0 BiTDI 180PS Normal Roof SWB,36.2,205
6497,VOLKSWAGEN C.V.,New T5 Transporter,T30 2.0 BiTDI 180PS 7spd DSG Normal Roof SWB,34.9,214
6498,VOLKSWAGEN C.V.,New T5 Transporter,T30 2.0 BiTDI 180PS Normal Roof LWB,36.2,205
6499,VOLKSWAGEN C.V.,New T5 Transporter,T30 2.0 BiTDI 180PS 7spd DSG Normal Roof LWB,34.9,214
6500,VOLKSWAGEN C.V.,New T5 Transporter,T28 2.0 TDI 102PS - Normal Roof SWB,37.7,198
6501,VOLKSWAGEN C.V.,New T5 Transporter,T30 2.0 TDI 102PS - Normal Roof SWB,37.7,198
6502,VOLKSWAGEN C.V.,New T5 Transporter,T32 2.0 TDI 102PS - Normal Roof LWB,37.7,198
6503,VOLKSWAGEN C.V.,New T5 Transporter,T30 2.0 TDI 140PS 7spd DSG - Normal Roof SWB,34.4,216
6504,VOLKSWAGEN C.V.,New T5 Transporter,T30 2.0 TDI 140PS Normal Roof LWB,36.7,203
6505,VOLKSWAGEN C.V.,New T5 Transporter,T28 2.0 TDI 140PS - Normal Roof SWB,36.7,203
6506,VOLVO,C30,T5,32.5,203
6507,VOLVO,C30,T5 Geartronic,31.4,211
6508,VOLVO,C70,T5,31.7,209
6509,VOLVO,C70,T5 Geartronic,30.1,219
6510,VOLVO,S40,T5,32.5,203
6511,VOLVO,S40,T5 Geartronic,31.4,211
6512,VOLVO,S80,2.5T,32.8,206
6513,VOLVO,S80,2.5T Geartronic,29.4,229
6514,VOLVO,S80,2.5FT Flexifuel,32.8,206
6515,VOLVO,S80,2.5FT Flexifuel,29.4,229
6516,VOLVO,S80,D5,45.6,164
6517,VOLVO,S80,D5 Geartronic,42.2,178
6518,VOLVO,V50,T5,32.5,203
6519,VOLVO,V50,T5 Geartronic,31.4,211
6520,VOLVO,V70,2.5T Geartronic,29.1,232
6521,VOLVO,V70,2.5FT Flexifuel,32.1,209
6522,VOLVO,V70,2.5FT Flexifuel,29.1,232
6523,VOLVO,V70,D5,44.1,169
6524,VOLVO,V70,D5 Geartronic,40.9,183
6525,VOLVO,V70,D5 AWD Geartronic,37.7,198
6526,VOLVO,V70,2.5T,32.1,209
6527,VOLVO,XC60,T6 AWD Geartronic,24.1,274
6528,VOLVO,XC70,D5 AWD,40.4,186
6529,VOLVO,XC70,D5 AWD,37.7,199
